team_id,description,player,pokemon1,pokemon2,pokemon3,pokemon4,pokemon5,pokemon6,item1,item2,item3,item4,item5,item6,replica_code,date,tournament,player_rank,pokepaste_link,source_link,owner
PC445,StarRaikouVGC's Blastoise Tyranitar TR Team,Nick Jorgensen,Blastoise-Mega,Tyranitar-Mega,Basculegion,Farigiraf,Sinistcha,Kingambit,Blastoisinite,Tyranitarite,Choice Scarf,Sitrus Berry,Occa Berry,Chople Berry,1JJEFXLT30,23 Apr 2026,-,,https://pokepast.es/b006d85a5deadb07,https://fxtwitter.com/StarRaikouVGC/status/2047122050691563628,StarRaikouVGC
PC444,Leunam's Victory Road Champions Arena Top 128 Team,Manuel Barea,Heracross-Mega,Charizard,Incineroar,Maushold,Whimsicott,Garchomp,Heracronite,Charizardite Y,Sitrus Berry,Chople Berry,Focus Sash,Roseli Berry,QA4AVGAKF0,23 Apr 2026,Victory Road Champions Arena,94th,https://pokepast.es/f46e8c179f42a9b7,https://x.com/ManuelBarea98/status/2047283257541058778?s=20,ManuelBarea98
PC443,joeypokeaim's Camerupt Abomasnow TR Team,joeypokeaim,Abomasnow-Mega,Camerupt-Mega,Incineroar,Basculegion,Sneasler,Farigiraf,Abomasite,Cameruptite,White Herb,Choice Scarf,Focus Sash,Colbur Berry,LY04L0PEF6,23 Apr 2026,-,,https://pokepast.es/c660acba53dfe3bf,https://www.youtube.com/watch?si=PE3gD4jVCHZKmkiW&v=tcALWkxcFCM&feature=youtu.be,Manual Entry
PC442,spragels' Charizard-Y Meganium Team,spragels,Meganium-Mega,Charizard,Basculegion,Pelipper,Sneasler,Archaludon,Meganiumite,Charizardite Y,Mystic Water,Focus Sash,White Herb,Leftovers,XE9SW0QTSL,23 Apr 2026,-,,https://pokepast.es/0bd1b2e3872fee34,https://x.com/spragels/status/2047044346005115286?s=46,spragels
PC441,YaBeamatUp_poke's Audino Snorlax Team,YaBeamatUp_poke,Audino-Mega,Sneasler,Snorlax,Aegislash,Ninetales-Alola,Kommo-o,Audinite,White Herb,Leftovers,Spell Tag,Focus Sash,Sitrus Berry,LUDYQUVMG2,22 Apr 2026,-,,https://pokepast.es/01a5a620ca9ee087,https://x.com/YaBeamatUp_poke/status/2046883786139517263?s=20,YaBeamatUp_poke
PC440,soulkw's Aerodactyl Rotom-Mow Team,soulkw,Aerodactyl-Mega,Charizard,Rotom-Mow,Sneasler,Kingambit,Dragonite,Aerodactylite,Charizardite Y,Choice Scarf,White Herb,Focus Sash,Dragon Fang,0U6661K5FE,22 Apr 2026,-,,https://pokepast.es/f8f16a131cd76147,Discord Submission,Manual Entry
PC439,yuki_pkmon's Charizard-Y Venusaur Team,yuki_pkmon,Charizard,Incineroar,Milotic,Venusaur,Sneasler,Garchomp,Charizardite Y,Chople Berry,Leftovers,Focus Sash,White Herb,Sitrus Berry,K12KXS3KTA,22 Apr 2026,-,,https://pokepast.es/e8bf36c6a7206469,https://x.com/yuki_pkmon/status/2046911106191626513?s=46,yuki_pkmon
PC438,kyukafuremingu's Floette Ariados Team,kyukafuremingu,Floette-Eternal-Mega,Incineroar,Basculegion,Ariados,Snorlax,Kommo-o,Floettite,Sitrus Berry,Focus Sash,Bright Powder,Chople Berry,Leftovers,ESUF5C0AVC,16 Apr 2026,-,,https://pokepast.es/fb04cf7cab3e456a,https://x.com/pokemononly354/status/2044744539274145825?s=46,pokemononly354
PC437,NatusPKMN's Meganium Gliscor Team,Nate Innocenti,Meganium-Mega,Tyranitar-Mega,Excadrill,Gliscor,Farigiraf,Kingambit,Meganiumite,Tyranitarite,White Herb,Lum Berry,Sitrus Berry,Focus Sash,JLKWLT18WP,22 Apr 2026,-,,https://pokepast.es/82645d253889e013,https://x.com/natuspkmn/status/2046837382670950400?s=46,natuspkmn
PC436,zombiesgonomnom's Dragonite Tyranitar Team,zombiesgonomnom,Dragonite-Mega,Tyranitar-Mega,Gyarados,Sneasler,Corviknight,Garchomp,Dragoninite,Tyranitarite,Sitrus Berry,White Herb,Leftovers,Bright Powder,C3HNBS80EQ,21 Apr 2026,Video,,https://pokepast.es/52b3ff0aa1b05b1c,https://youtu.be/Aqy1YhbjMIM,Manual Entry
PC435,Wolfey's Scovillain Rain Team,Wolfe Glick,Aerodactyl-Mega,Scovillain-Mega,Basculegion,Pelipper,Kingambit,Archaludon,Aerodactylite,Scovillainite,Focus Sash,Sitrus Berry,Chople Berry,Choice Scarf,3SP3MS85XR,21 Apr 2026,Video,,https://pokepast.es/45ed28eb0cbf4a2b,https://youtu.be/FEVwyQyRJzk?si=r22tCMhMp-J-Uo1Q,WolfeyGlick
PC434,rirunnpapa's Gardevoir Maushold Team,Shintaro Amemiya,Gardevoir-Mega,Talonflame,Basculegion,Maushold-Four,Kingambit,Garchomp,Gardevoirite,,Kasib Berry,Focus Sash,Chople Berry,White Herb,U192Y4A7Y3,21 Apr 2026,-,,https://pokepast.es/036b07347ec19b5d,https://x.com/rirunnpapa/status/2046355213792288997?s=46,rirunnpapa
PC433,Riopaser's Venusaur Ceruledge Team,Eric Ríos,Venusaur-Mega,Ceruledge,Rotom-Wash,Aerodactyl,Kingambit,Sylveon,Venusaurite,Colbur Berry,Sitrus Berry,Focus Sash,Chople Berry,Leftovers,None,21 Apr 2026,-,,https://pokepast.es/be4db8383740c625,https://x.com/riopaser/status/2046610087423209503?s=46,riopaser
PC432,zeen's Charizard-Y Froslass Team,Shohei Kimura,Froslass-Mega,Charizard,Sneasler,Kingambit,Dragonite,Garchomp,Froslassite,Charizardite Y,White Herb,Chople Berry,Dragon Fang,Sitrus Berry,PEN857FNMS,20 Apr 2026,-,,https://pokepast.es/489a261989fd1bf4,https://x.com/zeen172m/status/2046496742758297798?s=46,zeen172m
PC431,megamaphoo's Local Cup Top 4 Team,megamaphoo,Charizard,Aerodactyl,Sneasler,Zoroark-Hisui,Kingambit,Garchomp,Charizardite Y,Focus Sash,White Herb,Choice Scarf,Black Glasses,Dragon Fang,07M6X4PXSD,20 Apr 2026,Local Cup,Top 4,https://pokepast.es/8f7b15ea8000b72d,https://x.com/megamaphoo/status/2046453114434457665?s=46,megamaphoo
PC430,sunnie's Emboar TR Team,sunnie,Emboar-Mega,Torkoal,Kangaskhan,Farigiraf,Kingambit,Hatterene,Emboarite,Charcoal,Silk Scarf,Colbur Berry,Black Glasses,Focus Sash,KADWC1YWLQ,20 Apr 2026,-,,https://pokepast.es/1b36d50c4cb50e46,https://x.com/sunniettv/status/2046410134067224579?s=46,sunniettv
PC429,gekk4f's Delphox Farigiraf Team,gekk4f,Delphox-Mega,Basculegion,Sneasler,Farigiraf,Kingambit,Garchomp,Delphoxite,Sitrus Berry,Focus Sash,Leftovers,Chople Berry,Choice Scarf,2V5M8L61NL,20 Apr 2026,-,,https://pokepast.es/2bf10d280b945eb3,https://x.com/gekk4f/status/2046391536766836952?s=46,gekk4f
PC428,LenVGC's Floette HO Team,Alex Soto,Floette-Eternal-Mega,Talonflame,Basculegion,Sneasler,Farigiraf,Garchomp,Floettite,Sharp Beak,Choice Scarf,Focus Sash,Sitrus Berry,Soft Sand,None,20 Apr 2026,-,,https://pokepast.es/ba4af1eb63a64035,https://x.com/LenVGC/status/2046268484514988065?s=20,LenVGC
PC427,Lexicon's Kangaskhan Ceruledge Team,Alex Underhill,Kangaskhan-Mega,Ceruledge,Milotic,Vivillon,Ninetales-Alola,Kommo-o,Kangaskhanite,Colbur Berry,Sitrus Berry,Focus Sash,Choice Scarf,Leftovers,KLW2Y3HKQ3,20 Apr 2026,-,,https://pokepast.es/689efa25c920e93b,https://x.com/lexiconvgc/status/2046307475591438733?s=46&t=WmXEnVa3rTSw0P9A0n6S3Q,lexiconvgc
PC426,supacrunch's Heracross TailRoom Team,supacrunch,Heracross-Mega,Torkoal,Aerodactyl,Sneasler,Farigiraf,Kingambit,Heracronite,Charcoal,Focus Sash,White Herb,Colbur Berry,Chople Berry,QCVPSPE167,20 Apr 2026,-,,https://pokepast.es/c0f9b280b654fd6f,Discord Submission,Manual Entry
PC425,Brian's Local Cup Champion Team,Brian Youm,Charizard,Incineroar,Basculegion,Venusaur,Sneasler,Garchomp,Charizardite Y,Sitrus Berry,Choice Scarf,Focus Sash,White Herb,Roseli Berry,5TA3T1T0D4,20 Apr 2026,Local Cup,Champion,https://pokepast.es/7ab2b2920d92280f,https://x.com/playmakeryoum/status/2046255640108994614?s=46,playmakeryoum
PC424,Yuu's Scovillian Rain Team,Yuu,Floette-Eternal-Mega,Scovillain-Mega,Basculegion,Pelipper,Sneasler,Archaludon,Floettite,Scovillainite,Mystic Water,Sitrus Berry,Focus Sash,Leftovers,1KE3W1FHEX,20 Apr 2026,-,,https://pokepast.es/feec4c6cb01028c8,https://x.com/yu_yan_poke/status/2046253157140049947?s=46,yu_yan_poke
PC423,Wolfey's Floette Kangaskhan Team,Wolfey,Floette-Eternal-Mega,Kangaskhan-Mega,Rotom-Wash,Aerodactyl,Aegislash,Garchomp,Floettite,Kangaskhanite,Choice Scarf,Focus Sash,Spell Tag,White Herb,9EMSJS1J2V,20 Apr 2026,Video,,https://pokepast.es/5f645592a87632dd,https://www.youtube.com/watch?v=Zgs01N1wCpI,Manual Entry
PC422,shopoke0527's Camerupt Sylveon Team,shopoke0527,Camerupt-Mega,Basculegion,Sneasler,Farigiraf,Kingambit,Sylveon,Cameruptite,Focus Sash,White Herb,Sitrus Berry,Chople Berry,Fairy Feather,TX8DB29VWX,20 Apr 2026,-,,https://pokepast.es/c088f6406564ddb2,https://x.com/shopoke0527/status/2046205584702374089?s=46,shopoke0527
PC421,dubiousbulb1033's Kangaskhan Charizard-Y Team,dubiousbulb1033,Kangaskhan-Mega,Charizard,Milotic,Aerodactyl,Aegislash,Garchomp,Kangaskhanite,Charizardite Y,Leftovers,Focus Sash,Spell Tag,Soft Sand,F7J2URQV3F,20 Apr 2026,-,,https://pokepast.es/dbd9f40043775394,https://x.com/dubiousbulb1033/status/2046214550043635918?s=46,dubiousbulb1033
PC420,MiJa's Victory Road Champions Arena Champion Team,Hyungwoo Shin,Charizard,Incineroar,Milotic,Venusaur,Sneasler,Garchomp,Charizardite Y,Chople Berry,Leftovers,Focus Sash,White Herb,Sitrus Berry,SQMPYRW6BP,19 Apr 2026,Victory Road Champions Arena,Champion,https://pokepast.es/716dffe25a855236,https://x.com/CandyBong__Z/status/2045991628964585668?s=20,CandyBong__Z
PC419,Tabu's Victory Road Champions Arena Runner Up Team,Jorge Tabuyo,Tyranitar-Mega,Charizard,Incineroar,Milotic,Sneasler,Sinistcha,Tyranitarite,Charizardite X,Sitrus Berry,Leftovers,White Herb,Coba Berry,P08QQ5NU9C,19 Apr 2026,Victory Road Champions Arena,Runner Up,https://pokepast.es/b469878d6dcd5e22,https://x.com/Tabu__24/status/2045981452706177411?s=20,Tabu__24
PC418,Palo's Victory Road Champions Arena Top 4 Team,Juan Benítez,Charizard,Sneasler,Whimsicott,Farigiraf,Kingambit,Garchomp,Charizardite Y,White Herb,Focus Sash,Sitrus Berry,Black Glasses,Choice Scarf,KN6SNLGUPA,19 Apr 2026,Victory Road Champions Arena,3rd,https://pokepast.es/a1ea30499afd4fa2,https://x.com/SoyPalo_/status/2045971513514262965?s=20,SoyPalo_
PC417,JoeUX9's Victory Road Champions Arena Top 4 Team,Joseph Ugarte,Tyranitar-Mega,Rotom-Wash,Excadrill,Corviknight,Mimikyu,Hydreigon,Tyranitarite,Sitrus Berry,Focus Sash,Leftovers,White Herb,Choice Scarf,None,19 Apr 2026,Victory Road Champions Arena,4th,https://pokepast.es/8a6a3f4b1601993a,https://x.com/JoeUX9/status/2045974766499119240,JoeUX9
PC416,PsychoR&R's Victory Road Champions Arena Top 8 Team,PsychoR&R,Charizard-Mega-Y,Incineroar,Torkoal,Farigiraf,Kingambit,Hatterene,Charizardite Y,White Herb,Charcoal,Sitrus Berry,Black Glasses,Fairy Feather,PJ4HB1DNPE,19 Apr 2026,Victory Road Champions Arena,5th,https://pokepast.es/d0ff38844227f29d,https://x.com/psyr_r/status/2046048691434430670?s=46,psyr_r
PC415,Pedro Martínez's Victory Road Champions Arena Top 8 Team,Pedro Martínez,Aerodactyl-Mega,Froslass-Mega,Basculegion,Sneasler,Kingambit,Garchomp,Aerodactylite,Froslassite,Focus Sash,White Herb,Chople Berry,Sitrus Berry,None,19 Apr 2026,Victory Road Champions Arena,6th,https://pokepast.es/fc30b63018274944,https://x.com/pmc21vgc,Manual Entry
PC414,Francesco Iozzia's Victory Road Champions Arena Top 8 Team,Francesco Iozzia,Scizor-Mega,Charizard,Incineroar,Milotic,Sneasler,Sinistcha,Scizorite,Charizardite X,Shuca Berry,Leftovers,Focus Sash,Sitrus Berry,None,19 Apr 2026,Victory Road Champions Arena,7th,https://pokepast.es/47c0a153d7454020,https://x.com/youngniva,Manual Entry
PC413,William Brown's Victory Road Champions Arena Top 8 Team,William Brown,Meganium-Mega,Basculegion,Aerodactyl,Sneasler,Farigiraf,Kingambit,Meganiumite,Choice Scarf,Focus Sash,White Herb,Colbur Berry,Black Glasses,None,19 Apr 2026,Victory Road Champions Arena,8th,https://pokepast.es/f5ac5d30fedb98d5,https://x.com/WillBrown_vgc,Manual Entry
PC412,Conan Yoshikawa's Victory Road Champions Arena Top 16 Team,Conan Yoshikawa,Floette-Eternal-Mega,Charizard,Basculegion,Aerodactyl,Kingambit,Garchomp,Floettite,Charizardite Y,Choice Scarf,Sitrus Berry,Chople Berry,Soft Sand,None,19 Apr 2026,Victory Road Champions Arena,9th,https://pokepast.es/6d8d8c857f2c380b,https://x.com/conanyk,Manual Entry
PC411,Calculus' Victory Road Champions Arena Top 16 Team,Calculus,Floette-Eternal-Mega,Scizor-Mega,Incineroar,Aerodactyl,Sneasler,Sinistcha,Floettite,Scizorite,Sitrus Berry,Focus Sash,White Herb,Kasib Berry,None,19 Apr 2026,Victory Road Champions Arena,10th,https://pokepast.es/8cf94e529fa85950,https://x.com/CalcVGC/status/2045955097801429235,CalcVGC
PC410,Pablo Rico's Victory Road Champions Arena Top 16 Team,Pablo Rico,Floette-Eternal-Mega,Incineroar,Rotom-Wash,Aerodactyl,Aegislash,Garchomp,Floettite,Sitrus Berry,Choice Scarf,Focus Sash,Spell Tag,Haban Berry,XPPGN8S1NV,19 Apr 2026,Victory Road Champions Arena,11th,https://pokepast.es/f3124d9c358c453b,https://x.com/Logane_____/status/2045961883354542215,Logane_____
PC409,MichaelderBeste's Victory Road Champions Arena Top 16 Team,Michael Kelsch,Gengar-Mega,Tyranitar-Mega,Rotom-Wash,Tinkaton,Garchomp,Kommo-o,Gengarite,Tyranitarite,Sitrus Berry,Shuca Berry,Choice Scarf,Dragon Fang,YE9GK4T2ME,19 Apr 2026,Victory Road Champions Arena,15th,https://pokepast.es/203c5b20ebd29c48,https://x.com/MichaelderBeste/status/2045928128900379113?s=20,MichaelderBeste
PC408,Dimsunlight's Victory Road Champions Arena Top 16 Team,Toler Webb,Gardevoir-Mega,Talonflame,Rotom-Wash,Maushold,Kingambit,Garchomp,Gardevoirite,,Sitrus Berry,Chople Berry,Black Glasses,Haban Berry,41J9L9551Y,19 Apr 2026,Victory Road Champions Arena,16th,https://pokepast.es/ac507d7eb6aaef4e,https://x.com/Dimsunlight/status/2045942941336682561?s=20,Dimsunlight
PC407,SeaWolfMikes' Victory Road Champions Arena Top 32 Team,SeaWolfMikes,Floette-Eternal-Mega,Talonflame,Basculegion,Maushold-Four,Kingambit,Garchomp,Floettite,Charti Berry,Choice Scarf,Chople Berry,Black Glasses,Lum Berry,J44VT5T0PN,19 Apr 2026,Victory Road Champions Arena,24th,https://pokepast.es/789826615054fc39,https://x.com/SeaWolfMikes/status/2045926984627183957?s=20,SeaWolfMikes
PC406,Teka's Victory Road Champions Arena Top 32 Team,Juan Manuel Santizo,Floette-Eternal-Mega,Incineroar,Volcarona,Rotom-Wash,Aegislash,Garchomp,Floettite,Shuca Berry,Sitrus Berry,Choice Scarf,Spell Tag,Lum Berry,RURWUBCK33,19 Apr 2026,Victory Road Champions Arena,25th,https://pokepast.es/8d2733d708020a05,https://x.com/TeKaVGC/status/2045937580294737962?s=20,TeKaVGC
PC405,sudoz's Victory Road Champions Arena Top 64 Team,sudoz,Meganium-Mega,Basculegion,Aerodactyl,Sneasler,Farigiraf,Kingambit,Meganiumite,Choice Scarf,Focus Sash,White Herb,Colbur Berry,Black Glasses,B7RVKAN06B,19 Apr 2026,Victory Road Champions Arena,36th,https://pokepast.es/28fb29e05c5d6941,https://x.com/sudozz/status/2045997730049220687?s=46&t=WmXEnVa3rTSw0P9A0n6S3Q,sudozz
PC404,VGCLuca's Victory Road Champions Arena Top 64 Team,VGCLuca,Delphox-Mega,Floette-Mega,Aerodactyl,Maushold,Aegislash,Garchomp,Delphoxite,Floettite,Focus Sash,Chople Berry,Spell Tag,White Herb,P7CUS0MUMT,19 Apr 2026,Victory Road Champions Arena,50th,https://pokepast.es/c567bcaad98c2e30,https://x.com/VGCLuca/status/2045929655610319053?s=20,VGCLuca
PC403,ChessBoard's Victory Road Champions Arena Top 64 Team,Mason Cutler,Slowbro-Mega,Glimmora,Sneasler,Sinistcha,Kingambit,Kommo-o,Slowbronite,Focus Sash,White Herb,Sitrus Berry,Black Glasses,Leftovers,DC475VR96K,22 Apr 2026,Victory Road Champions Arena,56th,https://pokepast.es/bd34d36ebdafdfe6,https://x.com/chessboard__/status/2046672686399574309?s=46,chessboard__
PC402,KeanuVGC's Victory Road Champions Arena Top 128 Team,Keanu Inosanto,Dragonite-Mega,Scizor-Mega,Incineroar,Basculegion,Politoed,Sneasler,Dragoninite,Scizorite,Sitrus Berry,Choice Scarf,Leftovers,White Herb,T9779X4P4V,19 Apr 2026,Victory Road Champions Arena,76th,https://pokepast.es/174fb4599deb2ff1,https://x.com/keanuinosanto/status/2046060531371651294?s=46,keanuinosanto
PC401,didivgc's Victory Road Champions Arena Top 128 Team,didivgc,Floette-Eternal-Mega,Scizor-Mega,Incineroar,Aerodactyl,Sneasler,Sinistcha,Floettite,Scizorite,Shuca Berry,Focus Sash,White Herb,Sitrus Berry,XC7STMYNM2,19 Apr 2026,Victory Road Champions Arena,105th,https://pokepast.es/09e9393ed0ad24d0,https://x.com/didivgc/status/2045887927511577026?s=46&t=WmXEnVa3rTSw0P9A0n6S3Q,didivgc
PC400,Nicco3003's Victory Road Champions Arena Top 128 Team,Nicco3003,Froslass-Mega,Scovillain-Mega,Basculegion,Sneasler,Kingambit,Garchomp,Froslassite,Scovillainite,Sitrus Berry,Focus Sash,Chople Berry,Haban Berry,385V4TDKSF,19 Apr 2026,Victory Road Champions Arena,111th,https://pokepast.es/589cf116742ac8a1,https://x.com/NiccoVGC/status/2045925885623107641?s=20,NiccoVGC
PC399,miraii1__'s Victory Road Champions Arena Top 128 Team,miraii1__,Aerodactyl-Mega,Froslass-Mega,Basculegion,Sneasler,Kingambit,Garchomp,Aerodactylite,Froslassite,Focus Sash,White Herb,Chople Berry,Sitrus Berry,N49FP5X9AM,19 Apr 2026,Victory Road Champions Arena,116th,https://pokepast.es/1c02d2bdcabdd2c4,https://x.com/miraii1__/status/2045983433050956105?s=46&t=WmXEnVa3rTSw0P9A0n6S3Q,miraii1__
PC398,spy_anya11's Floette Aerodactyl Team,spy_anya11,Aerodactyl-Mega,Floette-Eternal-Mega,Basculegion,Sneasler,Kingambit,Garchomp,Aerodactylite,Floettite,Kasib Berry,Focus Sash,Chople Berry,Sitrus Berry,C1LE15UWUL,19 Apr 2026,-,,https://pokepast.es/9286cd09d998fc79,https://x.com/spy_anya11/status/2046149975999193195?s=46,spy_anya11
PC397,johnnychiou36's Charizard-Y HTR Team,johnnychiou36,Charizard,Incineroar,Torkoal,Farigiraf,Kingambit,Hatterene,Charizardite Y,White Herb,Charcoal,Sitrus Berry,Black Glasses,Fairy Feather,U9X1EJKTVS,19 Apr 2026,-,,https://pokepast.es/18132063a17b9ddc,https://x.com/johnnychiou36/status/2046093904391651358?s=46,johnnychiou36
PC396,Feitosa's Community League Stage 2 Champion Team,Pedro Feitosa,Floette-Eternal-Mega,Talonflame,Basculegion,Sneasler,Kingambit,Garchomp,Floettite,Sharp Beak,Sitrus Berry,White Herb,Black Glasses,Roseli Berry,C7WYFNRMCN,19 Apr 2026,Community League Stage 2,Champion,https://pokepast.es/fd62b2862d49c78b,https://x.com/PHSFeitosa/status/2045927791619690919,PHSFeitosa
PC395,Feitosa's Community League Stage 1 Top 8 Team,Pedro Feitosa,Floette-Eternal-Mega,Tyranitar-Mega,Incineroar,Sinistcha,Corviknight,Garchomp,Floettite,Tyranitarite,Sitrus Berry,Kasib Berry,Leftovers,Bright Powder,NBK3CGKSV6,19 Apr 2026,Community League Stage 1,Top 8,https://pokepast.es/84616834c9e8b8ac,https://x.com/PHSFeitosa/status/2045927791619690919,PHSFeitosa
PC394,pneumaticssb's Local Cup Runner Up Team,pneumaticssb,Delphox-Mega,Basculegion,Rotom-Wash,Sneasler,Kingambit,Garchomp,Delphoxite,Choice Scarf,Sitrus Berry,Focus Sash,Chople Berry,Soft Sand,GHGG0NK65E,19 Apr 2026,Local Cup,Runner Up,https://pokepast.es/cc2fb7ffc8d86f42,https://x.com/pneumaticssb/status/2046019979485528466?s=46,pneumaticssb
PC393,PiyoLily145's Blastoise Sharpedo Team,PiyoLily145,Blastoise-Mega,Froslass-Mega,Talonflame,Sharpedo,Sneasler,Kingambit,Blastoisinite,Froslassite,Sharp Beak,Focus Sash,White Herb,Chople Berry,16VWTVFSDB,19 Apr 2026,-,,https://pokepast.es/6b046c5bd4b85798,https://x.com/piyolily145/status/2045875071726862477?s=46,piyolily145
PC392,adit's Manectric Rain Team,Adit Selvaraj,Manectric-Mega,Scizor-Mega,Incineroar,Politoed,Sinistcha,Archaludon,Manectite,Scizorite,Chople Berry,Sitrus Berry,Colbur Berry,Leftovers,None,19 Apr 2026,-,,https://pokepast.es/1a9357d6f2c7542d,https://x.com/wellspringmask/status/2045897501845442798?s=46,wellspringmask
PC391,Wolfey's Feraligatr Gardevoir Team,Wolfe Glick,Feraligatr-Mega,Gardevoir-Mega,Talonflame,Sneasler,Sinistcha,Kingambit,Feraligite,Gardevoirite,White Herb,Focus Sash,Sitrus Berry,Lum Berry,MDQ7UKWAYE,19 Apr 2026,-,,https://pokepast.es/cf3579d35a556cb8,https://youtu.be/2K1E9OkwvG4?si=Zm2mJ-OSL_X2BYB2,WolfeyGlick
PC390,UB_SLOW's Froslass Kingambit Team,Kaito Arii,Froslass-Mega,Basculegion,Milotic,Sneasler,Kingambit,Dragonite,Froslassite,Focus Sash,Sitrus Berry,White Herb,Chople Berry,Dragon Fang,8AFELYHR07,19 Apr 2026,-,,https://pokepast.es/7351343f6ea150d1,https://x.com/ub_slow/status/2045868773589315780?s=46,ub_slow
PC389,Yanagi's Charizard-Y Kangaskhan Team,Yosuke Takayanagi,Kangaskhan-Mega,Charizard,Torkoal,Basculegion,Primarina,Farigiraf,Kangaskhanite,Charizardite Y,Charcoal,Focus Sash,Mystic Water,Sitrus Berry,BEGC0DEP1Y,19 Apr 2026,-,,https://pokepast.es/7a47c9fa15c51926,https://x.com/yanagit_poke/status/2045892906280743319?s=46,yanagit_poke
PC388,nyao_vgc's Aerodactyl Scovillain Team,nyao_vgc,Aerodactyl-Mega,Scovillain-Mega,Basculegion,Sneasler,Kingambit,Sylveon,Aerodactylite,Scovillainite,Sitrus Berry,Focus Sash,Chople Berry,Leftovers,Q08EGGGWRS,19 Apr 2026,-,,https://pokepast.es/3316be04041e2ac2,https://x.com/nyao_vgc/status/2045847710738350346?s=46,nyao_vgc
PC387,JMOdri's Tyranitar Meganium Team,Juan Manuel Odriozola,Meganium-Mega,Tyranitar-Mega,Talonflame,Rotom-Wash,Aegislash,Garchomp,Meganiumite,Tyranitarite,,Choice Scarf,Focus Sash,Sitrus Berry,X5JUBHCX2F,19 Apr 2026,-,,https://pokepast.es/2da5c7ec108f67a7,https://x.com/jmodrivgc/status/2045888781874577914?s=46,jmodrivgc
PC386,kiiraa_8750's Froslass Aegislash Team,kiiraa_8750,Froslass-Mega,Milotic,Aerodactyl,Sneasler,Aegislash,Garchomp,Froslassite,Leftovers,Focus Sash,Poison Barb,Spell Tag,Choice Scarf,G7YYQDKF55,19 Apr 2026,-,,https://pokepast.es/64d1881ddd36523b,https://x.com/kiiraa_8750/status/2045827232111992952?s=46,kiiraa_8750
PC385,spy_anya11's Floette Basculegion Team,spy_anya11,Floette-Eternal-Mega,Incineroar,Basculegion,Sneasler,Sinistcha,Garchomp,Floettite,Chople Berry,Choice Scarf,White Herb,Sitrus Berry,Leftovers,PA6UQU6L9M,19 Apr 2026,-,,https://pokepast.es/5b5df06fe621e262,https://x.com/spy_anya11/status/2045863620685475919?s=46,spy_anya11
PC384,リアス's Teru Challenge Champions #0 Online Team,Liberty Note,Tyranitar-Mega,Rotom-Heat,Excadrill,Sneasler,Dragonite,Garchomp,Tyranitarite,Magnet,Focus Sash,White Herb,Choice Scarf,Leftovers,S19LJ1WVY7,19 Apr 2026,Teru Challenge Online,,https://pokepast.es/eb476f26b7dafc88,https://x.com/_liberty_note/status/2045834900037931079?s=46,_liberty_note
PC383,Hari's Charizard-X Snow Team,Thomas Gravouille,Charizard,Milotic,Rotom-Frost,Sneasler,Sinistcha,Ninetales-Alola,Charizardite X,Leftovers,Choice Scarf,White Herb,Occa Berry,Focus Sash,RP58R83G6X,19 Apr 2026,-,,https://pokepast.es/4a71e67fc007d5ce,https://x.com/haripkmn/status/2045794942799192081?s=46,haripkmn
PC382,hugoo_0503's Glimmora Kangaskhan Team,hugoo_0503,Glimmora-Mega,Kangaskhan-Mega,Incineroar,Basculegion,Ninetales-Alola,Dragonite,Glimmoranite,Kangaskhanite,Sitrus Berry,Choice Scarf,Focus Sash,White Herb,9XRBEMB9EY,14 Apr 2026,-,,https://pokepast.es/c7abd29c10f5bfc9,https://x.com/hugoo_0503/status/2044046993056522699?s=20,hugoo_0503
PC381,Whitezero2000's Floette Arcanine Team,Pai Yu-Ping,Floette-Eternal-Mega,Arcanine,Aerodactyl,Sneasler,Sinistcha,Kingambit,Floettite,Sitrus Berry,Focus Sash,White Herb,Coba Berry,Black Glasses,4URANS2KTG,19 Apr 2026,Video,,https://pokepast.es/50dd50becdcd072e,https://x.com/whitezero2000/status/2045739210439843871?s=46,whitezero2000
PC380,urshifu19's Scovillian Aerodactyl Team,urshifu19,Aerodactyl-Mega,Scovillain-Mega,Basculegion,Sneasler,Kingambit,Sylveon,Aerodactylite,Scovillainite,Sitrus Berry,Focus Sash,Chople Berry,Leftovers,YH583DF80J,19 Apr 2026,-,,https://pokepast.es/592abaadf8eb9283,https://x.com/urshifu19/status/2045714287357009959?s=46,urshifu19
PC379,dancho_p's Meganium Dedenne Team,dancho_p,Meganium-Mega,Armarouge,Pelipper,Dedenne,Aegislash,Garchomp,Meganiumite,Shuca Berry,Focus Sash,Sitrus Berry,Leftovers,Haban Berry,WY478GGFX4,19 Apr 2026,-,,https://pokepast.es/4d465edb3d1934e8,https://x.com/dancho_p/status/2045495579959341212?s=46,dancho_p
PC378,chrono_876's Glimmora Altaria Team,chrono_876,Altaria-Mega,Glimmora-Mega,Arcanine,Basculegion-F,Meowscarada,Dedenne,Altarianite,Glimmoranite,Black Belt,Mystic Water,Choice Scarf,Sitrus Berry,M3HE6FG66P,19 Apr 2026,-,,https://pokepast.es/7f94da0ee58907d4,https://x.com/chrono_876/status/2045583217055727735?s=46,chrono_876
PC377,return2cinders' Froslass Garchomp Team,return2cinders,Froslass-Mega,Rotom-Wash,Aerodactyl,Sneasler,Sinistcha,Garchomp,Froslassite,Sitrus Berry,Focus Sash,White Herb,Colbur Berry,Choice Scarf,DBN0NM24BH,19 Apr 2026,-,,https://pokepast.es/fb09376e266202ec,https://x.com/return2cinders/status/2045353517716521420?s=46,return2cinders
PC376,daikousin's Charizard-Y Scovillian Aerodactyl Team,daikousin,Aerodactyl-Mega,Scovillain-Mega,Charizard,Basculegion,Kingambit,Sylveon,Aerodactylite,Scovillainite,Charizardite Y,Focus Sash,Chople Berry,Fairy Feather,E7EPDQHWH9,19 Apr 2026,-,,https://pokepast.es/53630e53c8d3f595,https://x.com/daikousin45/status/2045642491026968755?s=46,daikousin45
PC375,ignideus' Charizard-Y Tsareena Team,ignideus,Charizard,Incineroar,Basculegion,Tsareena,Sneasler,Garchomp,Charizardite Y,Sitrus Berry,Choice Scarf,,White Herb,Focus Sash,None,19 Apr 2026,-,,https://pokepast.es/2bb04b6c3081f20d,https://x.com/ignideus/status/2045666352221089839?s=46,ignideus
PC374,Xeno's Content Inferno Champion Team,Eden Batchelor,Venusaur-Mega,Rotom-Heat,Primarina,Tyranitar,Corviknight,Garchomp,Venusaurite,Choice Scarf,Sitrus Berry,Focus Sash,Leftovers,Haban Berry,2YJ3T4Q0E1,18 Apr 2026,Content Inferno,Champion,https://pokepast.es/d378e96b903dcff5,https://x.com/xenovgc/status/2045632868798357816?s=46&t=WmXEnVa3rTSw0P9A0n6S3Q,xenovgc
PC373,zoryavgc's Content Inferno Runner Up Team,zoryavgc,Froslass-Mega,Arcanine-Hisui,Palafin,Sneasler,Sinistcha,Kingambit,Froslassite,Focus Sash,Mystic Water,White Herb,Sitrus Berry,Black Glasses,T9QRRNT0GT,19 Apr 2026,Content Inferno,Runner Up,https://pokepast.es/ec54d68d656588ff,https://x.com/zoryavgc/status/2045836441217839211?s=46,zoryavgc
PC372,cptauro's Content Inferno Top 8 Team,cptauro,Altaria-Mega,Scovillain-Mega,Basculegion,Garganacl,Sneasler,Kingambit,Altarianite,Scovillainite,Choice Scarf,Leftovers,White Herb,Black Glasses,YDT075WPTM,18 Apr 2026,Content Inferno,Top 8,https://pokepast.es/38291b872450002e,https://x.com/cptauro/status/2045612226376032566?s=46&t=WmXEnVa3rTSw0P9A0n6S3Q,cptauro
PC371,soulkw's Floette Tsareena Team,soulkw,Floette-Eternal-Mega,Talonflame,Milotic,Tsareena,Aegislash,Garchomp,Floettite,Focus Sash,Leftovers,Choice Scarf,Spell Tag,White Herb,5NXYMSYX1S,18 Apr 2026,-,,https://pokepast.es/5df93d8a13c20f4b,Discord Submission,Manual Entry
PC370,mayahoppins' Unova Champions League Champion Team,mayahoppins,Lopunny-Mega,Basculegion,Pelipper,Sinistcha,Kingambit,Archaludon,Lopunnite,Mystic Water,Focus Sash,Sitrus Berry,Chople Berry,Magnet,YV9BTYYHDA,18 Apr 2026,Unova Champions League,Champion,https://pokepast.es/22d85b73d74b58d2,Discord Submission,Manual Entry
PC369,n1ghtm2re's Banette Scovillain Team,n1ghtm2re,Banette-Mega,Scovillain-Mega,Samurott-Hisui,Gallade,Whimsicott,Tinkaton,Banettite,Scovillainite,White Herb,Choice Scarf,Focus Sash,Occa Berry,WGG9SSSJ9X,18 Apr 2026,-,,https://pokepast.es/157afc5bcd672156,Discord Submission,Manual Entry
PC368,teru's Floette Sneasler Team,Jun Mikami,Floette-Eternal-Mega,Aerodactyl,Sneasler,Sinistcha,Kingambit,Garchomp,Floettite,Focus Sash,White Herb,Sitrus Berry,Chople Berry,Soft Sand,B39RCFF2GJ,17 Apr 2026,Video,,https://pokepast.es/95e1f64a174b0bef,https://x.com/terupoke9/status/2045107617048211640?s=20,terupoke9
PC367,Ewok's Venusaur Palafin Team,Christian Ramírez,Venusaur-Mega,Rotom-Heat,Palafin,Aerodactyl,Archaludon,Hydreigon,Venusaurite,Sitrus Berry,White Herb,Focus Sash,Leftovers,Choice Scarf,QFX0KJJL08,17 Apr 2026,-,,https://pokepast.es/deac8b336763c4c3,https://x.com/ewok_padawan/status/2045199322933830120?s=46,ewok_padawan
PC366,chakowanwann's Froslass Sharpedo Team,chakowanwann,Froslass-Mega,Sharpedo-Mega,Basculegion,Rotom-Wash,Sneasler,Kingambit,Froslassite,Sharpedonite,Focus Sash,Leftovers,White Herb,Chople Berry,None,18 Apr 2026,-,,https://pokepast.es/91eb8fdce8248f93,https://x.com/chakowanwann/status/2045339967053054332?s=46,chakowanwann
PC365,toshiniki's Floette Delphox Team,toshiniki,Delphox-Mega,Floette-Eternal-Mega,Basculegion,Sneasler,Kingambit,Garchomp,Delphoxite,Floettite,Focus Sash,White Herb,Chople Berry,Soft Sand,7H0SMYNBKM,18 Apr 2026,-,,https://pokepast.es/561520b52e9f15f8,https://x.com/Toshi_kyogre/status/2045419095676604643?s=20,Toshi_kyogre
PC364,barudoru's Froslass Glaceon Team,Ryota Otsubo,Froslass-Mega,Milotic,Aerodactyl,Glaceon,Krookodile,Sneasler,Froslassite,Leftovers,Focus Sash,Never-Melt Ice,Choice Scarf,White Herb,4M4NNYS38H,18 Apr 2026,-,,https://pokepast.es/2bab7929ed09fafc,https://x.com/barudoru/status/2045426505015238897?s=20,barudoru
PC363,pokeseanz's Tyranitar Sableye Team,pokeseanz,Tyranitar-Mega,Rotom-Heat,Milotic,Tauros-Paldea-Aqua,Sableye,Sinistcha,Tyranitarite,Choice Scarf,Leftovers,White Herb,Roseli Berry,Sitrus Berry,U4NA3C89GL,18 Apr 2026,-,,https://pokepast.es/aff97ac37f557d4a,https://x.com/pokeseanz/status/2045370022655135772?s=46,pokeseanz
PC362,scarzig's Chesnaught Aegislash Team,scarzig,Armarouge,Empoleon,Chesnaught,Heracross,Farigiraf,Aegislash,Focus Sash,Mystic Water,Leftovers,Choice Scarf,Sitrus Berry,Spell Tag,FR2Y724A5U,18 Apr 2026,-,,https://pokepast.es/bceed3dbb63d15d2,https://x.com/scarzig/status/2045356321344754003?s=46&t=WmXEnVa3rTSw0P9A0n6S3Q,scarzig
PC361,dodoriosiriru's Drampa Mudsdale Team,Hijito Kihara,Drampa-Mega,Floette-Eternal-Mega,Incineroar,Milotic,Mudsdale,Farigiraf,Drampanite,Floettite,Sitrus Berry,Leftovers,Soft Sand,Colbur Berry,BW5P9A0E1G,18 Apr 2026,-,,https://pokepast.es/40f0c75a9f0bf698,https://x.com/dodoriosiriru/status/2045323083867963473?s=46&t=WmXEnVa3rTSw0P9A0n6S3Q,dodoriosiriru
PC360,slyx183's Venusaur Aegislash Team,slyx183,Venusaur-Mega,Incineroar,Milotic,Aerodactyl,Aegislash,Garchomp,Venusaurite,Sitrus Berry,Leftovers,Focus Sash,Spell Tag,Haban Berry,EGMCENC7HT,18 Apr 2026,-,,https://pokepast.es/7c8c1ff94e8b8135,https://x.com/slyx183/status/2045052422494789716?s=46&t=WmXEnVa3rTSw0P9A0n6S3Q,slyx183
PC359,David's Abomasnow Oranguru Team,David Partington,Abomasnow-Mega,Incineroar,Basculegion,Vivillon,Oranguru,Lucario,Abomasite,Sitrus Berry,Mystic Water,Focus Sash,Mental Herb,Choice Scarf,YQLR8ENB76,18 Apr 2026,-,,https://pokepast.es/e98c85d63dbb8d59,https://x.com/davidpartvgc/status/2045157549305893236?s=46&t=WmXEnVa3rTSw0P9A0n6S3Q,davidpartvgc
PC358,Osirus' Delphox Tsareena Team,Lee Provost,Delphox-Mega,Tsareena,Aerodactyl,Sneasler,Kingambit,Garchomp,Delphoxite,Sitrus Berry,Focus Sash,White Herb,Chople Berry,Soft Sand,84X59BBFBF,18 Apr 2026,-,,https://pokepast.es/fde4563d7471cd02,https://x.com/osirusvgc/status/2045301323965333877?s=46&t=WmXEnVa3rTSw0P9A0n6S3Q,osirusvgc
PC357,m4this_yn's Floette Delphox Team,m4this_yn,Delphox-Mega,Floette-Eternal-Mega,Aerodactyl,Maushold-Four,Kingambit,Garchomp,Delphoxite,Floettite,Focus Sash,Chople Berry,Black Glasses,Sitrus Berry,4JAU1TV8G5,18 Apr 2026,-,,https://pokepast.es/68281e761e94a70f,https://x.com/m4this_yn/status/2045299626392056305,m4this_yn
PC356,arcana's Tyranitar Garchomp Team,arcana,Tyranitar-Mega,Rotom-Heat,Excadrill,Sneasler,Sinistcha,Garchomp,Tyranitarite,Choice Scarf,Focus Sash,White Herb,Leftovers,Sitrus Berry,L8YUE91PN3,18 Apr 2026,-,,https://pokepast.es/c05e78d8f751deb6,Discord Submission,Manual Entry
PC355,dubiousbulb1033's Charizard-Y Aerodactyl Team,dubiousbulb1033,Charizard,Rotom-Wash,Aerodactyl,Sneasler,Kingambit,Garchomp,Charizardite Y,Sitrus Berry,Focus Sash,White Herb,Black Glasses,Soft Sand,EG4MRHQ0RK,17 Apr 2026,-,,https://pokepast.es/9faf5dd8ec7b52b4,https://x.com/dubiousbulb1033/status/2045274693100327185?s=46&t=WmXEnVa3rTSw0P9A0n6S3Q,dubiousbulb1033
PC354,Teka's Scovillain Froslass Team,Juan Manuel Santizo,Froslass-Mega,Scovillain-Mega,Rotom-Wash,Aerodactyl,Sneasler,Kingambit,Froslassite,Scovillainite,Choice Scarf,Focus Sash,White Herb,Black Glasses,NHHX5442E7,17 Apr 2026,-,,https://pokepast.es/8db173fc07a49b97,https://x.com/tekavgc/status/2045268170492018722?s=46&t=WmXEnVa3rTSw0P9A0n6S3Q,tekavgc
PC353,hiyo's Charizard-X Milotic Team,hiyo,Venusaur-Mega,Charizard,Basculegion,Milotic,Aegislash,Garchomp,Venusaurite,Charizardite X,Choice Scarf,Leftovers,Focus Sash,Sitrus Berry,C6PVSWS09M,17 Apr 2026,-,,https://pokepast.es/49cf9217b5025d4a,https://x.com/hiyoooon4/status/2045177390469648521?s=46,hiyoooon4
PC352,MichaelderBeste's Froslass Rotom-Frost Team,Michael Kelsch,Froslass-Mega,Rotom-Heat,Milotic,Sneasler,Kingambit,Garchomp,Froslassite,Choice Scarf,Leftovers,White Herb,Chople Berry,Lum Berry,JT4MGBANLP,17 Apr 2026,-,,https://pokepast.es/b85b7a90760104a2,https://x.com/michaelderbeste/status/2045202094152413432?s=46,michaelderbeste
PC351,swampert's Gardevoir Sharpedo Team,swampert,Gardevoir-Mega,Rotom-Heat,Sharpedo,Sneasler,Sinistcha,Kingambit,Gardevoirite,Choice Scarf,Focus Sash,White Herb,Sitrus Berry,Chople Berry,26TN6G3AMG,17 Apr 2026,-,,https://pokepast.es/0ea63a1e46f49a9d,https://x.com/swampert__/status/2045156944504348713?s=46,swampert__
PC350,NikyuAlex's Floette Luxray Team,Alessio Fuscà,Floette-Eternal-Mega,Incineroar,Luxray,Sneasler,Sinistcha,Garchomp,Floettite,Chople Berry,Choice Scarf,Focus Sash,Leftovers,Sitrus Berry,69XRHQ11L7,17 Apr 2026,-,,https://pokepast.es/b524869bdd45f751,https://x.com/nikyualex/status/2045193359250141586?s=46&t=WmXEnVa3rTSw0P9A0n6S3Q,nikyualex
PC349,hertzzz212's Meganium Sand Team,hertzzz212,Meganium-Mega,Tyranitar-Mega,Milotic,Aerodactyl,Aegislash,Garchomp,Meganiumite,Tyranitarite,Leftovers,Focus Sash,Spell Tag,Choice Scarf,2KLL12N0YD,17 Apr 2026,-,,https://pokepast.es/a32beb98cd693cea,https://x.com/hertzzz212/status/2045155531422384559?s=46,hertzzz212
PC348,Wolfey's Glimmora Gyarados Team,Wolfey,Glimmora-Mega,Gyarados-Mega,Volcarona,Corviknight,Ninetales-Alola,Garchomp,Glimmoranite,Gyaradosite,Leftovers,Sitrus Berry,Focus Sash,Choice Scarf,QXUPD20TBK,17 Apr 2026,Video,,https://pokepast.es/fa812b85e4f18e09,https://youtu.be/2nFGsaNhoco?si=F2aUgyZOEG3U99bY,Manual Entry
PC347,Lewis Carroll's Dragonite Azumarill Team,Lewis Carroll,Dragonite-Mega,Azumarill,Pelipper,Sneasler,Maushold,Sinistcha-Masterpiece,Dragoninite,Sitrus Berry,Focus Sash,White Herb,Chople Berry,Leftovers,None,17 Apr 2026,-,,https://pokepast.es/4761a0243fc0f9e6,Discord Submission,Manual Entry
PC346,billtram6's Kangaskhan Milotic Team,billtram6,Kangaskhan-Mega,Rotom-Heat,Milotic,Sneasler,Sinistcha,Aegislash,Kangaskhanite,Sitrus Berry,Leftovers,Focus Sash,Coba Berry,Spell Tag,None,17 Apr 2026,Showdown Ladder,,https://pokepast.es/1f7c00e0ef66b8c5,https://x.com/billtram6/status/2045143888105738443?s=46,billtram6
PC345,Wolfey's Emboar Cofagrigus Team,Wolfey,Emboar-Mega,Incineroar,Cofagrigus,Conkeldurr,Reuniclus,Hydreigon,Emboarite,Lum Berry,Mental Herb,Leftovers,Sitrus Berry,Focus Sash,950LKNUVYR,17 Apr 2026,Video,,https://pokepast.es/c5f00b300ccb2d83,https://youtu.be/4lzbYPlpc3Y?si=i_UcbrJXDKFHztpj,Manual Entry
PC344,Hari's Lucario Charizard-Y Team,Thomas Gravouille,Lucario-Mega,Charizard,Basculegion,Milotic,Whimsicott,Hydreigon,Lucarionite,Charizardite Y,Choice Scarf,Leftovers,Focus Sash,Haban Berry,EMLQK22QEU,17 Apr 2026,-,,https://pokepast.es/223faa76470e57ba,https://x.com/haripkmn/status/2045123730204926076?s=46&t=WmXEnVa3rTSw0P9A0n6S3Q,haripkmn
PC343,James Baek's Froslass Jolteon Team,James Baek,Froslass-Mega,Arcanine-Hisui,Jolteon,Sneasler,Garchomp,Hydreigon,Froslassite,Chople Berry,Focus Sash,White Herb,Choice Scarf,Sitrus Berry,UKQNFYWTU7,17 Apr 2026,Video,,https://pokepast.es/85a503be550e4295,https://www.youtube.com/watch?si=d3cQQAXbvh_s1nOa&v=PeDcK8Zh6Qk&feature=youtu.be,Manual Entry
PC342,pikachu_282's Gardevoir Torkoal Team,pikachu_282,Gardevoir-Mega,Torkoal,Sneasler,Maushold-Four,Kingambit,Dragapult,Gardevoirite,Charcoal,White Herb,Chople Berry,Black Glasses,Focus Sash,MS8R0EQLMJ,17 Apr 2026,-,,https://pokepast.es/e437665aea73597a,https://x.com/pikachu_282/status/2044995536705683563?s=46,pikachu_282
PC341,Green's Scovillian Dragonite Team,Geovanni Polanco,Dragonite-Mega,Scovillain-Mega,Incineroar,Basculegion,Pelipper,Sneasler,Dragoninite,Scovillainite,Sitrus Berry,Mystic Water,Focus Sash,White Herb,69K2J1J85D,17 Apr 2026,-,,https://pokepast.es/32df2e1e9b3ed840,https://x.com/greencito/status/2045022827946905784?s=46,greencito
PC340,joeypokeaim's Alakazam Meowstic Team,joeypokeaim,Alakazam-Mega,Rotom-Wash,Farigiraf,Meowstic,Dragapult,Garchomp,Alakazite,Sitrus Berry,Lum Berry,Colbur Berry,Focus Sash,Choice Scarf,E7MUHJM085,17 Apr 2026,-,,https://pokepast.es/31ef782c0d99dabe,https://x.com/joeypokeaim/status/2044936014163050904?s=46&t=WmXEnVa3rTSw0P9A0n6S3Q,joeypokeaim
PC339,ffsade's Froslass Zoroark-Hisui Team,ffsade,Froslass-Mega,Typhlosion-Hisui,Basculegion,Zoroark-Hisui,Gengar,Dragapult,Froslassite,Colbur Berry,Choice Scarf,White Herb,Focus Sash,Lum Berry,46L56LMFFK,17 Apr 2026,-,,https://pokepast.es/4275ce1140278534,https://x.com/ffsade/status/2044821573610479653?s=46&t=WmXEnVa3rTSw0P9A0n6S3Q,ffsade
PC338,Xeb_41's Dragonite Palafin Team,Ioannis Baziotis,Dragonite-Mega,Incineroar,Palafin,Pelipper,Sneasler,Sinistcha,Dragoninite,Sitrus Berry,Mystic Water,Focus Sash,White Herb,Leftovers,7GNHBCS0RM,17 Apr 2026,-,,https://pokepast.es/f30cc028c873ec2a,https://x.com/xeb_41/status/2044904440029991205?s=46&t=WmXEnVa3rTSw0P9A0n6S3Q,xeb_41
PC337,AndyLa's Glalie Whimsicott Team,Andrew Lavigne,Glalie-Mega,Incineroar,Basculegion,Pelipper,Whimsicott,Sinistcha,Glalitite,Sitrus Berry,Spell Tag,Choice Scarf,Focus Sash,Leftovers,2UGBQ0WFTP,17 Apr 2026,-,,https://pokepast.es/aa6dc7340b89ea80,https://x.com/andylavgc/status/2044877850763726951?s=46,andylavgc
PC336,mariruri's Charizard-Y Whimsicott Team,mariruri,Charizard,Incineroar,Basculegion,Whimsicott,Kingambit,Garchomp,Charizardite Y,Chople Berry,Choice Scarf,Fairy Feather,Black Glasses,Sitrus Berry,6SUF8VSWK3,17 Apr 2026,-,,https://pokepast.es/4daca307bb40270d,https://x.com/mariruripokemo2/status/2044797826618773711?s=46,mariruripokemo2
PC335,cantfly's Floette Delphox Team,Yuma Miyamoto,Delphox-Mega,Floette-Eternal-Mega,Talonflame,Sinistcha,Kingambit,Garchomp,Delphoxite,Floettite,,Sitrus Berry,Chople Berry,Soft Sand,SQR0ES56CE,17 Apr 2026,-,,https://pokepast.es/3d513d6ed0736eb1,https://x.com/cantfly_ss/status/2044851850307150299?s=46,cantfly_ss
PC334,kazuki's Floette Maushold Team,kazuki,Floette-Eternal-Mega,Incineroar,Talonflame,Maushold,Sinistcha,Garchomp,Floettite,Chople Berry,Leftovers,Focus Sash,Sitrus Berry,Choice Scarf,6YG9Y8RPRN,17 Apr 2026,-,,https://pokepast.es/855c9facc8d9ae9e,https://x.com/ikazuki148/status/2044837544345657728?s=46,ikazuki148
PC333,Cosmos' Gyarados Gourgeist Team,Jack Clarke,Gengar-Mega,Gyarados-Mega,Incineroar,Gourgeist-Small,Ninetales-Alola,Kommo-o,Gengarite,Gyaradosite,Sitrus Berry,Choice Scarf,Focus Sash,Leftovers,VTREU25E9L,16 Apr 2026,-,,https://pokepast.es/66a80f9aa1ff0f6c,https://x.com/TheGoldenCosmos/status/2044793772312015173?s=20,TheGoldenCosmos
PC332,PokeReplaysVGC's Charizard-X Milotic Team,Adam Wright,Charizard,Milotic,Aerodactyl,Sneasler,Aegislash,Sylveon,Charizardite X,Leftovers,Focus Sash,White Herb,Spell Tag,Fairy Feather,QR72TGSR62,16 Apr 2026,-,,https://pokepast.es/45d9ccd651db8e9e,https://x.com/PokeReplaysVGC/status/2044798338168431070?s=20,PokeReplaysVGC
PC331,memphii71's Floette Sinistcha Team,memphii71,Floette-Eternal-Mega,Incineroar,Basculegion,Aerodactyl,Sneasler,Sinistcha,Floettite,Leftovers,Choice Scarf,Focus Sash,White Herb,Sitrus Berry,U220QSL90V,16 Apr 2026,-,,https://pokepast.es/e46b63ec9c617da2,https://x.com/memphii71/status/2044626764844970260?s=46&t=WmXEnVa3rTSw0P9A0n6S3Q,memphii71
PC330,og_albina's Delphox Whimsicott Team,og_albina,Delphox-Mega,Basculegion,Sneasler,Whimsicott,Kingambit,Garchomp,Delphoxite,Choice Scarf,White Herb,Focus Sash,Sitrus Berry,Lum Berry,MA54P0FKRP,16 Apr 2026,-,,https://pokepast.es/c110f0641d3c6846,https://x.com/og_albina/status/2045522720625221961?s=46&t=WmXEnVa3rTSw0P9A0n6S3Q,og_albina
PC329,Wowyang's Charizard-Y Conkeldurr Team,Fang Yu-Yang,Charizard,Incineroar,Venusaur,Conkeldurr,Farigiraf,Gardevoir,Charizardite Y,Shuca Berry,Focus Sash,Mental Herb,Sitrus Berry,Choice Scarf,3E5E9Q5KFT,16 Apr 2026,-,,https://pokepast.es/bbe510093a61f612,https://x.com/wowyang4/status/2044755039135379884?s=46,wowyang4
PC328,WoodTofu's Floette Rain Team,WoodTofu,Floette-Eternal-Mega,Basculegion,Pelipper,Sneasler,Corviknight,Archaludon,Floettite,Focus Sash,Choice Scarf,White Herb,Leftovers,Dragon Fang,42X9TFU4TC,16 Apr 2026,-,,https://pokepast.es/e403ba2134ab3c3e,https://x.com/WoodTofuVGC/status/2044739714880819592?s=20,WoodTofuVGC
PC327,SuperMemeBroz's Scizor Rain Team,SuperMemeBroz,Scizor-Mega,Basculegion,Pelipper,Sneasler,Sinistcha,Archaludon,Scizorite,Mystic Water,Focus Sash,White Herb,Sitrus Berry,Chople Berry,V79MBYP3PS,15 Apr 2026,-,,https://pokepast.es/812daadc839422f5,https://x.com/supermemebroz/status/2044265990075363455?s=46,supermemebroz
PC326,WDMichael's Golurk Sun Room Team,WDMichael,Golurk-Mega,Torkoal,Maushold-Four,Oranguru,Hatterene,Hydreigon,Golurkite,Charcoal,Focus Sash,Mental Herb,Fairy Feather,Black Glasses,6RK6YB0M37,15 Apr 2026,-,,https://pokepast.es/345c89359ef8890f,https://x.com/its_wdmichael/status/2044518552594444293?s=46,its_wdmichael
PC325,Félice's Floette Tyranitar Team,Félice,Floette-Eternal-Mega,Tyranitar-Mega,Sneasler,Sinistcha,Corviknight,Garchomp,Floettite,Tyranitarite,White Herb,Sitrus Berry,Leftovers,Choice Scarf,UHEKDBAJAP,15 Apr 2026,-,,https://pokepast.es/9da650cfe2c7844e,Discord Submission,Manual Entry
PC324,the_egman's Delphox Dragonite Team,the_egman,Delphox-Mega,Basculegion,Sneasler,Clefable,Kingambit,Dragonite,Delphoxite,Choice Scarf,Focus Sash,Sitrus Berry,Black Belt,Lum Berry,4PURFQMSM7,15 Apr 2026,-,,https://pokepast.es/3fdfe98a0aa57765,https://x.com/the_egman/status/2044602739809046832?s=46&t=WmXEnVa3rTSw0P9A0n6S3Q,the_egman
PC323,AldrichYan's Talonflame Sand Team,Aldrich Yan Sutandra,Tyranitar-Mega,Talonflame,Typhlosion-Hisui,Lycanroc,Sneasler,Garchomp,Tyranitarite,Sharp Beak,Choice Scarf,Focus Sash,White Herb,Bright Powder,CMACMYSRQJ,15 Apr 2026,-,,https://pokepast.es/c31f47380affbeb6,https://x.com/AldrichYan/status/2042883870971039881,AldrichYan
PC322,sunnie's Audino Trick Room Team,sunnie,Audino-Mega,Torkoal,Milotic,Sneasler,Sinistcha,Kingambit,Audinite,Charcoal,Leftovers,White Herb,Occa Berry,Black Glasses,BYTJUX6W9Q,15 Apr 2026,-,,https://pokepast.es/6497ba47d91320e6,https://x.com/sunniettv/status/2044603227740557599?s=46,sunniettv
PC321,Pyreon's Glimmora Delphox Team,Nuno Rosario,Delphox-Mega,Glimmora-Mega,Gyarados,Whimsicott,Kingambit,Garchomp,Delphoxite,Glimmoranite,Sitrus Berry,Focus Sash,Chople Berry,White Herb,MY6PUCXV9S,15 Apr 2026,-,,https://pokepast.es/5656a6cc8419bc6a,https://x.com/pyreonpt/status/2044556573003915564?s=46&t=WmXEnVa3rTSw0P9A0n6S3Q,pyreonpt
PC320,Jaylun's Gardevoir Basculegion Team,Yang Chieh-Lun,Gardevoir-Mega,Incineroar,Basculegion,Aerodactyl,Kingambit,Garchomp,Gardevoirite,Sitrus Berry,Choice Scarf,Focus Sash,Black Glasses,White Herb,MRX3MTH1NJ,15 Apr 2026,Video,,https://pokepast.es/d58aea0999b81958,https://x.com/jaylun44/status/2044588099683123478?s=46&t=WmXEnVa3rTSw0P9A0n6S3Q,jaylun44
PC319,Nicco3003's Scizor Lucario Team,Nicco3003,Lucario-Mega,Scizor-Mega,Incineroar,Palafin,Politoed,Sinistcha,Lucarionite,Scizorite,Sitrus Berry,Mystic Water,Leftovers,Miracle Seed,MU71UJWJBX,15 Apr 2026,-,,https://pokepast.es/2b3c1097f6bee755,https://x.com/niccovgc/status/2044548021329748099?s=46,niccovgc
PC318,MichaelderBeste's Blastoise Aerodactyl Team,Michael Kelsch,Aerodactyl-Mega,Blastoise-Mega,Kangaskhan,Farigiraf,Sinistcha,Kingambit,Aerodactylite,Blastoisinite,Silk Scarf,Sitrus Berry,Colbur Berry,Black Glasses,N9A8848R8C,15 Apr 2026,-,,https://pokepast.es/235d24178d18f2c3,https://x.com/michaelderbeste/status/2044505979782402247?s=46,michaelderbeste
PC317,Juan's Scizor Rain Team,Juan,Dragonite-Mega,Basculegion,Politoed,Sneasler,Sinistcha,Scizor,Dragoninite,Choice Scarf,Leftovers,White Herb,Sitrus Berry,Metal Coat,7APE2SBBEL,15 Apr 2026,-,,https://pokepast.es/c449246b92aff0d9,https://x.com/juanskills10/status/2044430235651739861?s=46,juanskills10
PC316,rphmadruga's Venusaur Sand Team,rphmadruga,Venusaur-Mega,Incineroar,Rotom-Wash,Excadrill,Sneasler,Tyranitar,Venusaurite,Shuca Berry,Sitrus Berry,Focus Sash,White Herb,Chople Berry,None,15 Apr 2026,-,,https://pokepast.es/fcf835b603b875db,https://x.com/rphmadruga/status/2044439601549369476?s=46,rphmadruga
PC315,Shunsuke's Floette Delphox Team,Shunsuke,Delphox-Mega,Floette-Eternal-Mega,Basculegion,Sneasler,Corviknight,Garchomp,Delphoxite,Floettite,Focus Sash,White Herb,Leftovers,Sitrus Berry,MB7DNAEXDN,15 Apr 2026,-,,https://pokepast.es/16465cc9dae2d6b4,https://x.com/shunsuke_2510/status/2044409012922593666?s=46,shunsuke_2510
PC314,soulkw's Recreation of Yuma's Starmie Rain Team,soulkw,Starmie-Mega,Pelipper,Sneasler,Sinistcha,Kingambit,Garchomp,Starminite,Focus Sash,White Herb,Choice Scarf,Black Glasses,Sitrus Berry,YQ2VVQXHCC,16 Apr 2026,Video,,https://pokepast.es/679c0391c31e85f0,Discord Submission,Manual Entry
PC313,yuki_pkmon's Venusaur Aerodactyl Team,yuki_pkmon,Aerodactyl-Mega,Venusaur-Mega,Torkoal,Basculegion-F,Kingambit,Garchomp,Aerodactylite,Venusaurite,Sitrus Berry,Choice Scarf,Chople Berry,Haban Berry,KR00D268JB,15 Apr 2026,-,,https://pokepast.es/54e62febd2e94b0e,https://x.com/yuki_pkmon/status/2044316315297685554?s=46,yuki_pkmon
PC312,dynamotwentytwo's Aerodactyl Ariados Team,dynamotwentytwo,Aerodactyl-Mega,Azumarill,Pelipper,Pikachu,Ariados,Archaludon,Aerodactylite,Sitrus Berry,Focus Sash,Light Ball,Silver Powder,Leftovers,LG2RFFVFHH,15 Apr 2026,-,,https://pokepast.es/94499c2b5bc8fee2,https://x.com/dynamotwentytwo/status/2044116445127217322?s=46,dynamotwentytwo
PC311,KKCWind's Beedrill Conkeldurr Team,Huang Yang-Jie,Beedrill-Mega,Incineroar,Milotic,Conkeldurr,Farigiraf,Garchomp,Beedrillite,Chople Berry,Leftovers,Black Belt,Sitrus Berry,Lum Berry,None,15 Apr 2026,-,,https://pokepast.es/852b69984a9cad49,https://x.com/asc5543/status/2044312363629981734?s=46,asc5543
PC310,rirunnpapa's Meganium Tyranitar Team,Shintaro Amemiya,Meganium-Mega,Tyranitar-Mega,Basculegion,Aerodactyl,Sneasler,Garchomp,Meganiumite,Tyranitarite,Choice Scarf,Focus Sash,White Herb,Soft Sand,WGX1H4V58B,15 Apr 2026,-,,https://pokepast.es/8d2ccb4d1b419183,https://x.com/rirunnpapa/status/2044297511586935116?s=46,rirunnpapa
PC309,lovelyluwuna's Dragonite Rain Team,lovelyluwuna,Dragonite-Mega,Incineroar,Basculegion,Pelipper,Sneasler,Kingambit,Dragoninite,Sitrus Berry,Choice Scarf,Focus Sash,White Herb,Black Glasses,None,15 Apr 2026,-,,https://pokepast.es/092995c1b7b72817,https://x.com/lovelyluwuna/status/2044238922520375591?s=46,lovelyluwuna
PC308,Krebs' Floette Sun Team,Andrew Krebs,Floette-Eternal-Mega,Incineroar,Torkoal,Venusaur,Farigiraf,Garchomp,Floettite,Chople Berry,Charcoal,Focus Sash,Sitrus Berry,Choice Scarf,8VGGY8KBF0,15 Apr 2026,-,,https://pokepast.es/ac8d86eec67acd63,https://x.com/krebsvgc/status/2044214883198108080?s=46,krebsvgc
PC307,Haruka's Froslass Tyranitar Team,Haruka,Froslass-Mega,Tyranitar-Mega,Incineroar,Tauros-Paldea-Aqua,Whimsicott,Kingambit,Froslassite,Tyranitarite,Sitrus Berry,White Herb,Focus Sash,Chople Berry,322JHVC5DX,15 Apr 2026,-,,https://pokepast.es/445a478b0d5b86c7,https://x.com/harukaminaduki/status/2044085215329693782?s=46,harukaminaduki
PC306,daikousin's Floette Delphox Team,daikousin,Delphox-Mega,Floette-Eternal-Mega,Basculegion,Maushold-Four,Kingambit,Garchomp,Delphoxite,Floettite,Focus Sash,Chople Berry,Black Glasses,Sitrus Berry,7CXXEL8XKU,15 Apr 2026,-,,https://pokepast.es/d38b6fc076964d3c,https://x.com/daikousin45/status/2044180213937123401?s=46,daikousin45
PC305,MichaelderBeste's Blastoise Aerodactyl Team,MichaelderBeste,Aerodactyl-Mega,Blastoise-Mega,Kangaskhan,Farigiraf,Sinistcha,Kingambit,Aerodactylite,Blastoisinite,Silk Scarf,Sitrus Berry,Colbur Berry,Black Glasses,5TVY62GVPN,15 Apr 2026,-,,https://pokepast.es/37ba208ec079311b,Discord Submission,Manual Entry
PC304,Wolfey's Meganium Kangaskhan Team,Wolfey,Kangaskhan-Mega,Meganium-Mega,Typhlosion-Hisui,Tauros-Paldea-Aqua,Aerodactyl,Archaludon,Kangaskhanite,Meganiumite,Choice Scarf,White Herb,Focus Sash,Dragon Fang,DYK22P2B2R,15 Apr 2026,Video,,https://pokepast.es/16190783fca61fc8,https://www.youtube.com/watch?v=HxHTeE0UrnA,Manual Entry
PC303,LordKraboss' Zoroark Hydrapple Team,LordKraboss,Tyranitar-Mega,Basculegion,Milotic,Hydrapple,Zoroark-Hisui,Garchomp,Tyranitarite,Choice Scarf,Leftovers,Coba Berry,Focus Sash,Bright Powder,E8LA1X6QY5,15 Apr 2026,-,,https://pokepast.es/ec7941e6fa9711ed,https://x.com/LordKraboss/status/2044114119637303495,LordKraboss
PC302,moscate1oon's Aggron Tyranitar Team,moscate1oon,Aggron-Mega,Tyranitar-Mega,Basculegion,Sneasler,Farigiraf,Sinistcha,Aggronite,Tyranitarite,Choice Scarf,White Herb,Sitrus Berry,Bright Powder,A22AWRUTNH,15 Apr 2026,-,,https://pokepast.es/158716c740ce32e0,https://x.com/moscate1oon/status/2044057950671798359?s=46,moscate1oon
PC301,soulkw's Aggron Ceruledge Team,soulkw,Aggron-Mega,Ceruledge,Incineroar,Pelipper,Sneasler,Sinistcha,Aggronite,Choice Scarf,Sitrus Berry,Focus Sash,White Herb,Colbur Berry,DDH3AS57D0,15 Apr 2026,Video,,https://pokepast.es/27aa7d6d06915532,Discord Submission,Manual Entry
PC300,LenVGC's Scovillian Gallade Team,Alex Soto,Scovillain-Mega,Incineroar,Pelipper,Gallade,Farigiraf,Kingambit,Scovillainite,White Herb,Mystic Water,Black Belt,Sitrus Berry,Black Glasses,None,15 Apr 2026,-,,https://pokepast.es/e44266fb412bb555,https://x.com/lenvgc/status/2044095998801158334?s=46,lenvgc
PC299,UB_SLOW's Warm Up Challenge 5th Place Team,Kaito Arii,Tyranitar-Mega,Rotom-Wash,Sneasler,Sinistcha,Corviknight,Garchomp,Tyranitarite,Leftovers,White Herb,Sitrus Berry,Occa Berry,Choice Scarf,RVD46N9M2H,13 Apr 2026,Warm Up Challenge,5th,https://pokepast.es/a9852b054bd45430,https://x.com/ub_slow/status/2043630990539796757?s=46&t=WmXEnVa3rTSw0P9A0n6S3Q,ub_slow
PC298,tytokiarts' Warm Up Challenge Team,tytokiarts,Meganium-Mega,Incineroar,Simipour,Aerodactyl,Farigiraf,Aegislash,Meganiumite,Sitrus Berry,Mystic Water,Focus Band,Mental Herb,Leftovers,PGYWUSW7DS,14 Apr 2026,Warm Up Challenge,406th,https://pokepast.es/89c3ba034700772e,https://x.com/tytokiarts/status/2043727582160458248?s=46,tytokiarts
PC297,Cubone's Warm Up Challenge Team,Cubone,Scovillain-Mega,Incineroar,Basculegion,Sandaconda,Sneasler,Goodra-Hisui,Scovillainite,Sitrus Berry,Choice Scarf,Focus Sash,White Herb,Leftovers,F0LBEPV7Q6,13 Apr 2026,Warm Up Challenge,420th,https://pokepast.es/fb334a6a6163427e,https://x.com/cubone104105/status/2043627130689634641?s=46&t=WmXEnVa3rTSw0P9A0n6S3Q,cubone104105
PC296,Whitezero2000's Aerodactyl Zoroark Team,Pai Yu-Ping,Aerodactyl-Mega,Primarina,Sneasler,Zoroark-Hisui,Sinistcha,Kingambit,Aerodactylite,Mystic Water,White Herb,Choice Scarf,Mental Herb,Black Belt,UYNJK2PH7J,14 Apr 2026,Video,,https://pokepast.es/38ef66187c6b6022,https://x.com/Whitezero2000/status/2044074907001335912?s=20,Whitezero2000
PC295,jeraru's Charizard-Y Aegislash Team,Kiyoshiro Arai,Charizard,Basculegion,Milotic,Aegislash,Kingambit,Garchomp,Charizardite Y,Choice Scarf,Leftovers,Spell Tag,Black Glasses,Sitrus Berry,RHQXFVAE7G,14 Apr 2026,-,,https://pokepast.es/071a82e2abb64b7a,https://x.com/jeraru1105/status/2044075084281966791?s=20,jeraru1105
PC294,marun_pokemon's Lopunny Aegislash Team,marun_pokemon,Lopunny-Mega,Gyarados,Glimmora,Aegislash,Kingambit,Garchomp,Lopunnite,Choice Scarf,Focus Sash,Leftovers,Chople Berry,Sitrus Berry,B9ULLF4RKJ,14 Apr 2026,-,,https://pokepast.es/0563b78be7a90737,https://x.com/marun_pokemon/status/2043984054094344339?s=46,marun_pokemon
PC293,poke822omochi's Charizard-Y Gallade Team,poke822omochi,Gallade-Mega,Charizard,Incineroar,Sneasler,Whimsicott,Garchomp,Galladite,Charizardite Y,Sitrus Berry,White Herb,Focus Sash,Choice Scarf,7EQFW25167,14 Apr 2026,-,,https://pokepast.es/ec4cddd0a4bc376e,https://x.com/poke822omochi/status/2043992700417126627?s=46,poke822omochi
PC292,urshifu19's Blastoise Gardevoir Team,urshifu19,Blastoise-Mega,Gardevoir-Mega,Pelipper,Sneasler,Sinistcha,Kingambit,Blastoisinite,Gardevoirite,Focus Sash,White Herb,Sitrus Berry,Chople Berry,G3QXBVLUUL,14 Apr 2026,-,,https://pokepast.es/6dc13b971d82e8c3,https://x.com/urshifu19/status/2044007553735266323?s=46,urshifu19
PC291,satsuma1102's Charizard-Y Mamoswine Team,satsuma1102,Charizard,Rotom-Wash,Aerodactyl,Mamoswine,Kingambit,Garchomp,Charizardite Y,Choice Scarf,Focus Sash,Never-Melt Ice,Chople Berry,Sitrus Berry,LWRCWF5QM2,14 Apr 2026,-,,https://pokepast.es/b832c55dfb1a64dc,https://x.com/satsuma1102/status/2043993028088737805?s=46,satsuma1102
PC290,joeypokeaim's Pinsir Rotom Team,joeypokeaim,Pinsir-Mega,Rotom-Heat,Basculegion,Sneasler,Kingambit,Garchomp,Pinsirite,Sitrus Berry,Choice Scarf,White Herb,Focus Sash,Soft Sand,6GULYRKU91,14 Apr 2026,-,,https://pokepast.es/ef72aea362e52200,https://x.com/joeypokeaim/status/2043969067430584703?s=46&t=WmXEnVa3rTSw0P9A0n6S3Q,joeypokeaim
PC289,brisketssb's Glimmora Sand Team,brisketssb,Glimmora-Mega,Incineroar,Rotom-Wash,Aerodactyl,Tyranitar,Garchomp,Glimmoranite,Sitrus Berry,Leftovers,Focus Sash,Chople Berry,Bright Powder,LJ129A6ACB,14 Apr 2026,-,,https://pokepast.es/d8486a1aac34f819,https://x.com/brisketssb/status/2043923122416500951?s=46&t=WmXEnVa3rTSw0P9A0n6S3Q,brisketssb
PC288,Desu's The Champions Cup Tour Runner Up Team,Nico Davide Cognetta,Floette-Eternal-Mega,Garchomp-Mega,Incineroar,Sneasler,Sinistcha,Corviknight,Floettite,Garchompite,Chople Berry,Focus Sash,Sitrus Berry,Leftovers,MGJ3ABHLYA,14 Apr 2026,The Champions Cup Tour,Runner Up,https://pokepast.es/15ecb8720046ad31,https://x.com/desuvgc/status/2043926724476289339?s=46,desuvgc
PC287,Josh Tarrant's Chesnaught Scizor Rain Team,Josh Tarrant,Chesnaught-Mega,Scizor-Mega,Incineroar,Basculegion,Politoed,Archaludon,Chesnaughtite,Scizorite,Chople Berry,Choice Scarf,Sitrus Berry,White Herb,RSD4QNPJV2,14 Apr 2026,-,,https://pokepast.es/d4504dc3d9457c59,https://x.com/joshplusone_/status/2043856899800498245?s=46&t=WmXEnVa3rTSw0P9A0n6S3Q,joshplusone_
PC286,bigstevejrpg's VGCA Battle #25 Top 4 Team,bigstevejrpg,Floette-Eternal-Mega,Arcanine-Hisui,Rotom-Wash,Sneasler,Kingambit,Dragapult,Floettite,Choice Scarf,Leftovers,White Herb,Black Glasses,Focus Sash,X23V4AWRXD,14 Apr 2026,VGCA Battle #25,4th,https://pokepast.es/8bf3064b73e520d6,https://x.com/bigstevejrpg/status/2043842295615684674?s=46&t=WmXEnVa3rTSw0P9A0n6S3Q,bigstevejrpg
PC285,tamii's Delphox Milotic Team,tamii,Delphox-Mega,Incineroar,Milotic,Sneasler,Sinistcha,Kingambit,Delphoxite,Sitrus Berry,Leftovers,White Herb,Occa Berry,Chople Berry,HGA7JAXE9P,14 Apr 2026,-,,https://pokepast.es/41f003922d70c240,https://x.com/tamii_0745/status/2043834541509627954?s=46&t=WmXEnVa3rTSw0P9A0n6S3Q,tamii_0745
PC284,donutsvgc's Clefable Tyranitar Team,donutsvgc,Clefable-Mega,Tyranitar-Mega,Rotom-Heat,Gyarados,Sinistcha,Garchomp,Clefablite,Tyranitarite,Choice Scarf,Leftovers,Sitrus Berry,Lum Berry,B5MU3XGT11,14 Apr 2026,-,,https://pokepast.es/c82b0dcdd01f09a2,https://x.com/donutsvgc/status/2043823223293239746?s=46,donutsvgc
PC283,misono's Lucario Dragonite Team,misono,Dragonite-Mega,Lucario-Mega,Basculegion,Pelipper,Kingambit,Archaludon,Dragoninite,Lucarionite,Choice Scarf,Focus Sash,Chople Berry,Leftovers,D4U5V6YY84,14 Apr 2026,-,,https://pokepast.es/cc484a2fed677b8d,https://x.com/misonopoke/status/2043817078067736721?s=46,misonopoke
PC282,Wolfey's Drampa Alakazam Team,Wolfey,Drampa-Mega,Scizor-Mega,Basculegion,Pelipper,Alakazam,Sinistcha,Drampanite,Scizorite,Mystic Water,Focus Sash,Colbur Berry,Sitrus Berry,8WVHCET5PL,14 Apr 2026,-,,https://pokepast.es/ef544e9c8f8a359e,https://youtu.be/zZERi6o97Hg?si=s1OdJEEZ7H2LFF0M,Manual Entry
PC281,gahaku's Gardevoir Conkeldurr Team,Masahiro Ito,Gardevoir-Mega,Basculegion,Pelipper,Conkeldurr,Sneasler,Whimsicott,Gardevoirite,White Herb,Mystic Water,Black Belt,Focus Sash,Occa Berry,ANMP74B6N3,14 Apr 2026,-,,https://pokepast.es/8e024f1c5c067869,https://x.com/gahaku_poke/status/2043694496593174945?s=46&t=WmXEnVa3rTSw0P9A0n6S3Q,gahaku_poke
PC280,olivotec's Crabominable Oranguru Team,olivotec,Crabominable-Mega,Incineroar,Basculegion,Primarina,Rhyperior,Oranguru,Crabominite,Leftovers,Choice Scarf,Fairy Feather,White Herb,Sitrus Berry,8SVY3N9GBV,14 Apr 2026,-,,https://pokepast.es/ec5e8b0fe2f1033a,https://x.com/olivotec/status/2043798827161854255?s=46&t=WmXEnVa3rTSw0P9A0n6S3Q,olivotec
PC279,Rod's Tyranitar Garchomp Team,Rod,Tyranitar-Mega,Rotom-Heat,Milotic,Sneasler,Sinistcha,Garchomp,Tyranitarite,Passho Berry,Leftovers,White Herb,Coba Berry,Focus Sash,CN9TFSEJ5V,14 Apr 2026,-,,https://pokepast.es/9f38c6cb100c4e3a,https://x.com/trnrrodvgc/status/2043727526644929005?s=46&t=WmXEnVa3rTSw0P9A0n6S3Q,trnrrodvgc
PC278,EmbC's Hawlucha Tinkaton Team,Eduardo Cunha,Hawlucha-Mega,Incineroar,Rotom-Wash,Sinistcha,Tinkaton,Garchomp,Hawluchanite,Lum Berry,Sitrus Berry,Kasib Berry,Occa Berry,Soft Sand,B0KC31KM0V,14 Apr 2026,-,,https://pokepast.es/68f894706b9f1953,https://x.com/meninojardim/status/2043797434229309933?s=46&t=WmXEnVa3rTSw0P9A0n6S3Q,meninojardim
PC277,nerdoutmusic's Charizard Simisage Team,nerdoutmusic,Charizard,Incineroar,Simisage,Talonflame,Ninetales-Alola,Garchomp,Charizardite Y,Sitrus Berry,King&#39;s Rock,,Focus Sash,Choice Scarf,KND4474G6U,14 Apr 2026,-,,https://pokepast.es/56c1df69472167bd,https://x.com/nerdoutmusic/status/2043784996209467724?s=46&t=WmXEnVa3rTSw0P9A0n6S3Q,nerdoutmusic
PC276,daviddsp90's Charizard-Y Dragapult,daviddsp90,Charizard,Sneasler,Maushold-Four,Kingambit,Dragapult,Garchomp,Charizardite Y,Focus Sash,Chople Berry,Black Glasses,Lum Berry,Choice Scarf,76FCCB7KRB,14 Apr 2026,-,,https://pokepast.es/067c02a81bd53c8e,https://x.com/daviddsp90/status/2043761326585950392?s=46&t=WmXEnVa3rTSw0P9A0n6S3Q,daviddsp90
PC275,Apex__Dragon's Floette Maushold Team,Apex__Dragon,Floette-Eternal-Mega,Talonflame,Basculegion,Maushold-Four,Kingambit,Garchomp,Floettite,,Choice Scarf,Focus Sash,Chople Berry,Sitrus Berry,5MQGDACCFC,14 Apr 2026,-,,https://pokepast.es/c42db5500939d737,https://x.com/apex__dragon/status/2043686942920036435?s=46&t=WmXEnVa3rTSw0P9A0n6S3Q,apex__dragon
PC274,bsmiffy's Scovillian Dragapult Team,Brady Smith,Scovillain-Mega,Gyarados,Tyranitar,Corviknight,Dragapult,Garchomp,Scovillainite,Sitrus Berry,Chople Berry,Leftovers,Dragon Fang,Choice Scarf,PHMK38CT97,14 Apr 2026,-,,https://pokepast.es/b204ddc5def200e1,https://x.com/vgccorner/status/2043762269595512984?s=46&t=WmXEnVa3rTSw0P9A0n6S3Q,vgccorner
PC273,EmbC's Gengar Rain Team,Eduardo Cunha,Gengar-Mega,Incineroar,Pelipper,Sinistcha,Sylveon,Archaludon,Gengarite,Sitrus Berry,Focus Sash,Kasib Berry,Fairy Feather,Leftovers,EPCCVSDH0P,14 Apr 2026,-,,https://pokepast.es/6ea057f212819175,https://x.com/meninojardim/status/2043794980288770252?s=46&t=WmXEnVa3rTSw0P9A0n6S3Q,meninojardim
PC272,XenoVGC's Glimmora Tinkaton Team,XenoVGC,Glimmora-Mega,Typhlosion-Hisui,Rotom-Mow,Conkeldurr,Tinkaton,Noivern,Glimmoranite,Charcoal,Choice Scarf,Black Belt,Sitrus Berry,Focus Sash,4EKW4QS5MU,14 Apr 2026,-,,https://pokepast.es/fb8405b47f66e475,https://www.youtube.com/live/0cBIQKtNRn4?si=FdY9G2m0cJ5mNXD2,Manual Entry
PC271,EmbC's Gardevoir Mudsdale Team,Eduardo Cunha,Gardevoir-Mega,Incineroar,Mudsdale,Sneasler,Sinistcha,Dragonite,Gardevoirite,Sitrus Berry,Leftovers,Focus Sash,Occa Berry,Lum Berry,EH91EVHGRV,14 Apr 2026,-,,https://pokepast.es/dccac81ae8d32fbe,https://x.com/MeninoJardim/status/2043799942225883289,MeninoJardim
PC270,Lexicon's Charizard-X Mimikyu Team,Alex Underhill,Charizard,Incineroar,Milotic,Aerodactyl,Sinistcha,Mimikyu,Charizardite X,Passho Berry,Leftovers,Focus Sash,Sitrus Berry,Spell Tag,S8JAN29H8U,14 Apr 2026,-,,https://pokepast.es/9c728f17de3f561d,https://x.com/LexiconVGC/status/2043795334577689061,LexiconVGC
PC269,TwoLeafClover's Floette Delphox Team,TwoLeafClover,Delphox-Mega,Floette-Eternal-Mega,Basculegion,Sneasler,Kingambit,Garchomp,Delphoxite,Floettite,Choice Scarf,White Herb,Black Glasses,Soft Sand,HP2KC04XCC,14 Apr 2026,-,,https://pokepast.es/b24fac775cc5c1ae,Discord Submission,Manual Entry
PC268,Daniel Oakes' Skarmory Palafin Team,Daniel Oakes,Skarmory-Mega,Palafin,Pelipper,Sneasler,Kingambit,Garchomp,Skarmorite,Mystic Water,Focus Sash,White Herb,Black Glasses,Lum Berry,NKH8C20BYS,14 Apr 2026,-,,https://pokepast.es/7490fa7faf47a439,https://x.com/DanielAcorn1990/status/2043715841129140650,DanielAcorn1990
PC267,anrivgc's Floette Tyranitar Team,anrivgc,Floette-Eternal-Mega,Tyranitar-Mega,Milotic,Sneasler,Corviknight,Garchomp,Floettite,Tyranitarite,Leftovers,Focus Sash,Sitrus Berry,Soft Sand,BLLRW4H81P,14 Apr 2026,-,,https://pokepast.es/11e549ec956f90be,https://x.com/anrivgc/status/2043793490145095934?s=46&t=6581c33OCqmx54ofiKxMLg,anrivgc
PC266,mumemo's Floette Froslass Team,mumemo,Floette-Eternal-Mega,Froslass-Mega,Basculegion,Sneasler,Kingambit,Garchomp,Floettite,Froslassite,Sitrus Berry,Focus Sash,Chople Berry,Haban Berry,None,14 Apr 2026,-,,https://pokepast.es/4e9fb1591fadf273,https://x.com/mumemo168/status/2043726565004218470?s=20,mumemo168
PC265,Brian's Delphox Maushold Team,Brian Youm,Delphox-Mega,Basculegion,Aerodactyl,Sneasler,Maushold-Four,Garchomp,Delphoxite,Choice Scarf,Focus Sash,White Herb,Chople Berry,Lum Berry,BNDP1QR202,14 Apr 2026,-,,https://pokepast.es/89b64d874136f803,https://x.com/PlaymakerYoum/status/2043742443254759577?s=20,PlaymakerYoum
PC264,MichaelderBeste's Delphox Aerodactyl Team,MichaelderBeste,Delphox-Mega,Basculegion,Aerodactyl,Sneasler,Kingambit,Garchomp,Delphoxite,Choice Scarf,Focus Sash,White Herb,Black Glasses,Haban Berry,VADSKKQYJE,14 Apr 2026,-,,https://pokepast.es/3ff0b0c692254fab,https://www.twitch.tv/michaderbeste/clip/TiredSpoopyBaguettePeteZarollTie-2-WblZyn-JaQQ8Zz,Manual Entry
PC263,soulkw's Manectric Orthworm Team,soulkw,Manectric-Mega,Aerodactyl,Sneasler,Orthworm,Gardevoir,Garchomp,Manectite,Hard Stone,Focus Sash,Occa Berry,Choice Scarf,Soft Sand,5SLTTNKWAP,14 Apr 2026,-,,https://pokepast.es/1d0bf8fbfcbb2d4c,Discord Submission,Manual Entry
PC262,Asuka's Floette Kingambit Team,Asuka,Floette-Eternal-Mega,Incineroar,Basculegion,Aerodactyl,Sneasler,Kingambit,Floettite,Sitrus Berry,Choice Scarf,Sharp Beak,White Herb,Focus Sash,0G1XWQ7ANF,14 Apr 2026,-,,https://pokepast.es/d0baeeb308f985b5,https://x.com/asuka_pkmn/status/2043685710532948032?s=46,asuka_pkmn
PC261,zeen's Blastoise Sylveon Team,Shohei Kimura,Blastoise-Mega,Aerodactyl,Sneasler,Sinistcha,Sylveon,Garchomp,Blastoisinite,Focus Sash,White Herb,Sitrus Berry,Fairy Feather,Choice Scarf,TCDN0T6EFP,14 Apr 2026,-,,https://pokepast.es/7984493c1c82e685,https://x.com/zeen172M/status/2043726976557658161,zeen172M
PC260,MichaelderBeste's Warm Up Challenge 2nd Place Team,Michael Kelsch,Floette-Eternal-Mega,Incineroar,Rotom-Wash,Aerodactyl,Sneasler,Garchomp,Floettite,Sitrus Berry,Choice Scarf,Focus Sash,White Herb,Soft Sand,FDX38DMW08,13 Apr 2026,-,,https://pokepast.es/666e419dfcca7539,https://x.com/MichaelderBeste/status/2043668524409700509,MichaelderBeste
PC259,A_tenP5cms_B's Charizard-Y Reuniculus Team,A_tenP5cms_B,Charizard,Venusaur,Raichu,Reuniclus,Kingambit,Garchomp,Charizardite Y,Leftovers,Focus Sash,Mental Herb,Sitrus Berry,Choice Scarf,7E6VV4B41H,13 Apr 2026,-,,https://pokepast.es/d35ee07b96b255ad,https://x.com/A_tenP5cms_B/status/2043660044101943408,A_tenP5cms_B
PC258,gerva02vgc's Glimmora Ninetales Team,gerva02vgc,Glimmora-Mega,Basculegion,Sneasler,Whimsicott,Ninetales-Alola,Kommo-o,Glimmoranite,Choice Scarf,White Herb,Focus Sash,Never-Melt Ice,Leftovers,VLWGCWJR4M,13 Apr 2026,-,,https://pokepast.es/d8c3d1e3df54181f,https://x.com/gerva02vgc/status/2043432571862655286?s=46&t=WmXEnVa3rTSw0P9A0n6S3Q,gerva02vgc
PC257,corakow05's Crabominable Tyranitar Team,corakow05,Crabominable-Mega,Tyranitar-Mega,Incineroar,Oranguru,Kingambit,Sylveon,Crabominite,Tyranitarite,Sitrus Berry,Mental Herb,Black Glasses,Fairy Feather,W68PC6YY3M,13 Apr 2026,-,,https://pokepast.es/5b00aee326a5e780,https://x.com/corakow05/status/2043601397380198520?s=46&t=WmXEnVa3rTSw0P9A0n6S3Q,corakow05
PC256,clefablepoke's Clefable Meowstic Team,clefablepoke,Clefable-Mega,Talonflame,Starmie,Sneasler,Meowstic,Garchomp,Clefablite,Sharp Beak,Leftovers,Focus Sash,Chesto Berry,White Herb,YC5A7KK70S,13 Apr 2026,-,,https://pokepast.es/97095fd211d52e78,https://x.com/clefablepoke/status/2043643540073550157?s=46,clefablepoke
PC255,MikaMika_tti's Glimmora Froslass Team,MikaMika_tti,Froslass-Mega,Glimmora-Mega,Basculegion,Pelipper,Aerodactyl,Kingambit,Froslassite,Glimmoranite,Colbur Berry,Choice Scarf,Focus Sash,Chople Berry,N4SCRQ216T,13 Apr 2026,-,,https://pokepast.es/5c0fa9c5aba3fdba,https://x.com/mikamika_tti/status/2043644897400701280?s=46,mikamika_tti
PC254,KantoClark's Tyranitar Corviknight Team,Nicholas Clark,Tyranitar-Mega,Incineroar,Rotom-Wash,Sneasler,Corviknight,Garchomp,Tyranitarite,Shell Bell,Leftovers,White Herb,Sitrus Berry,Scope Lens,H9KW8P6372,13 Apr 2026,-,,https://pokepast.es/e4d8ac17746f5cab,https://x.com/kantoclark/status/2043426308244332616?s=46&t=WmXEnVa3rTSw0P9A0n6S3Q,kantoclark
PC253,Normalssbbbx's Victreebel Mamoswine Team,Normal,Victreebel-Mega,Gyarados,Pelipper,Aerodactyl,Mamoswine,Sneasler,Victreebelite,Lum Berry,Sitrus Berry,Focus Sash,Choice Scarf,White Herb,96MF6WL9F6,13 Apr 2026,-,,https://pokepast.es/7b3932fa72cafdc2,https://x.com/Normalssbbbx/status/2043612676392423817,Normalssbbbx
PC252,gravity030's Floette Tyranitar Team,gravity030,Floette-Eternal-Mega,Tyranitar-Mega,Milotic,Excadrill,Sinistcha,Corviknight,Floettite,Tyranitarite,Sitrus Berry,Focus Sash,Occa Berry,Leftovers,CLH5RGHT2H,13 Apr 2026,-,,https://pokepast.es/d078afabc7af0e0d,https://x.com/gravity030/status/2043602799569903754?s=46,gravity030
PC251,punihina1334's Pokemmunity Mx Tour Champion,punihina1334,Meganium-Mega,Rotom-Wash,Excadrill,Sneasler,Tyranitar,Dragapult,Meganiumite,Sitrus Berry,Focus Sash,White Herb,Chople Berry,Colbur Berry,SHW8RLBDRU,13 Apr 2026,Pokemmunity Mx Tour,Champion,https://pokepast.es/bb22c6441ed3116c,https://x.com/punihina1334/status/2043590425085198537?s=46&t=WmXEnVa3rTSw0P9A0n6S3Q,punihina1334
PC250,Itachi's Extreme Speed Tour Top 8 Team,Itachi,Drampa-Mega,Floette-Eternal-Mega,Incineroar,Milotic,Whimsicott,Farigiraf,Drampanite,Floettite,Sitrus Berry,Mystic Water,Focus Sash,Mental Herb,NW7G85RY53,13 Apr 2026,Extreme Speed Tour,Top 8,https://pokepast.es/9fd1dadd9a2b7e26,https://x.com/itachivgc/status/2043590901847503295?s=46&t=WmXEnVa3rTSw0P9A0n6S3Q,itachivgc
PC249,BTrickroomZ's Floette Glimmora Team,Yuta Ishigaki,Floette-Eternal-Mega,Glimmora-Mega,Talonflame,Rotom-Wash,Farigiraf,Garchomp,Floettite,Glimmoranite,Sharp Beak,Sitrus Berry,Colbur Berry,Soft Sand,FG7MAVMY46,13 Apr 2026,-,,https://pokepast.es/f800fb06ae6afd4e,https://x.com/btrickroomz/status/2043530853159157770?s=46&t=WmXEnVa3rTSw0P9A0n6S3Q,btrickroomz
PC248,adrive_tk's Beedrill Chesnaught Team,adrive_tk,Beedrill-Mega,Chesnaught-Mega,Incineroar,Rotom-Wash,Ninetales-Alola,Garchomp,Beedrillite,Chesnaughtite,Shuca Berry,Sitrus Berry,Focus Sash,Choice Scarf,7P04L57KHU,13 Apr 2026,-,,https://pokepast.es/e27e496692c33384,https://x.com/adrive_tk/status/2043511678273265672?s=46&t=WmXEnVa3rTSw0P9A0n6S3Q,adrive_tk
PC247,Green's Delphox Altaria Team,Geovanni Polanco,Delphox-Mega,Sneasler,Whimsicott,Kingambit,Altaria,Garchomp,Delphoxite,White Herb,Focus Sash,Black Glasses,Sitrus Berry,Choice Scarf,W6RMPHNP1U,13 Apr 2026,-,,https://pokepast.es/9003ff22cc462ecd,https://x.com/greencito/status/2043521478826594508?s=46&t=WmXEnVa3rTSw0P9A0n6S3Q,greencito
PC246,jadedragonvgc's Tyranitar Garchomp Team,jadedragonvgc,Tyranitar-Mega,Incineroar,Rotom-Wash,Sneasler,Sinistcha,Garchomp,Tyranitarite,Leftovers,Choice Scarf,White Herb,Sitrus Berry,Focus Sash,QL91FXXH9D,13 Apr 2026,-,,https://pokepast.es/289c417f9026f067,https://x.com/jadedragonvgc/status/2043518558903116289?s=46&t=WmXEnVa3rTSw0P9A0n6S3Q,jadedragonvgc
PC245,Atmosphere's Glimmora Crabominable Team,Nathaniel Sitler,Crabominable-Mega,Glimmora-Mega,Incineroar,Slowking,Tsareena,Zoroark-Hisui,Crabominite,Glimmoranite,Sitrus Berry,Colbur Berry,White Herb,Focus Sash,JRHVU9Q5JM,13 Apr 2026,-,,https://pokepast.es/061737986ff073a1,https://x.com/atmospherevgc/status/2043486317460230152?s=46&t=WmXEnVa3rTSw0P9A0n6S3Q,atmospherevgc
PC244,M. Khoa Nguyen's Wide League Pokemon Champions SNR #84 Team,M. Khoa Nguyen,Gardevoir-Mega,Talonflame,Milotic,Sneasler,Aegislash,Garchomp,Gardevoirite,Sharp Beak,Leftovers,Focus Sash,Spell Tag,Choice Scarf,YU7S736YXE,13 Apr 2026,Wide League Pokemon Champions SNR #84,,https://pokepast.es/86df94076f9d80c8,https://x.com/yukinakafuyu/status/2043213056927502658?s=46&t=WmXEnVa3rTSw0P9A0n6S3Q,yukinakafuyu
PC243,bruvhd's Charizard Politoad Team,bruvhd,Charizard,Politoed,Aerodactyl,Conkeldurr,Sneasler,Oranguru,Charizardite Y,Mystic Water,Focus Sash,Black Belt,White Herb,Leftovers,PC1FF545GB,13 Apr 2026,-,,https://pokepast.es/3ea0e37781c793c2,https://x.com/bruvhd/status/2043412293229093293?s=46&t=WmXEnVa3rTSw0P9A0n6S3Q,bruvhd
PC242,PsychoR&R's The Champions Cup Tour Top 16 Team,PsychoR&R,Charizard,Incineroar,Torkoal,Farigiraf,Kingambit,Hatterene,Charizardite Y,Shuca Berry,Charcoal,Sitrus Berry,Black Glasses,Fairy Feather,K6AX5SHN9B,13 Apr 2026,The Champions Cup Tour,Top 16,https://pokepast.es/b98820e7943f4a33,https://x.com/psyr_r/status/2043395457192481029?s=46&t=WmXEnVa3rTSw0P9A0n6S3Q,psyr_r
PC241,electrikeely's Delphox Torkoal Team,electrikeely,Delphox-Mega,Torkoal,Sneasler,Whimsicott,Farigiraf,Garchomp,Delphoxite,Charcoal,White Herb,Focus Sash,Sitrus Berry,Choice Scarf,NW1RGCMSGK,13 Apr 2026,-,,https://pokepast.es/0ada4f980a9ccc8d,https://x.com/electrikeely/status/2043486644167385310?s=46&t=WmXEnVa3rTSw0P9A0n6S3Q,electrikeely
PC240,sunniettv's Floette Delphox Team,sunnie,Delphox-Mega,Floette-Eternal-Mega,Basculegion,Sneasler,Maushold-Four,Whimsicott,Delphoxite,Floettite,Choice Scarf,White Herb,Chople Berry,Focus Sash,Q7PQS074NH,13 Apr 2026,-,,https://pokepast.es/57a0e793cc1758ad,https://x.com/sunniettv/status/2043429829295382694?s=46&t=WmXEnVa3rTSw0P9A0n6S3Q,sunniettv
PC239,prof_jermz's Floette Pikachu Team,prof_jermz,Floette-Eternal-Mega,Kangaskhan-Mega,Pikachu,Kleavor,Slowking-Galar,Corviknight,Floettite,Kangaskhanite,Light Ball,Mental Herb,Sitrus Berry,Leftovers,MX57F2ECKG,13 Apr 2026,-,,https://pokepast.es/8d5b26b78a75ace3,https://x.com/prof_jermz/status/2042785936602271882?s=46&t=WmXEnVa3rTSw0P9A0n6S3Q,prof_jermz
PC238,danielcmini's Meganium Rain Team,danielcmini,Meganium-Mega,Basculegion,Pelipper,Sneasler,Sinistcha,Archaludon,Meganiumite,Choice Scarf,Sharp Beak,Focus Sash,Sitrus Berry,Leftovers,H32FKJ6RWV,13 Apr 2026,-,,https://pokepast.es/fbfed2cfcca24932,https://x.com/danielcmini/status/2043410931795849415?s=46&t=WmXEnVa3rTSw0P9A0n6S3Q,danielcmini
PC237,elliotvgc's Glimmora HO Team,elliotvgc,Glimmora-Mega,Talonflame,Rotom-Wash,Sneasler,Maushold-Four,Garchomp,Glimmoranite,Sharp Beak,Sitrus Berry,White Herb,Focus Sash,Haban Berry,DHVPGG31W0,13 Apr 2026,-,,https://pokepast.es/bb2e8cffab3ac6bd,https://x.com/elliotvgc/status/2043438488738050407?s=46&t=WmXEnVa3rTSw0P9A0n6S3Q,elliotvgc
PC236,DidiVGC's The Champions Cup Tour Top 4 Team,DidiVGC,Floette-Eternal-Mega,Scizor-Mega,Incineroar,Aerodactyl,Sneasler,Sinistcha,Floettite,Scizorite,Shuca Berry,Focus Sash,White Herb,Sitrus Berry,HR92TQXVN6,13 Apr 2026,The Champions Cup Tour,Top 4,https://pokepast.es/1c9d93d9782d68f1,https://x.com/DidiVGC/status/2043423312584335567,DidiVGC
PC235,Skwovetboi's Floette Offense Team,Skwovetboi,Floette-Mega,Salazzle,Maushold-Four,Sinistcha-Masterpiece,Corviknight,Garchomp,Floettite,King&#39;s Rock,Focus Sash,Sitrus Berry,Sharp Beak,Dragon Fang,None,13 Apr 2026,-,,https://pokepast.es/94afe7a913235246,https://x.com/Skwovetboi/status/2043408547178807338?s=20,Skwovetboi
PC234,Skwovetboi's Sinistcha Tailroom Team,Skwovetboi,Golurk-Mega,Pelipper,Sneasler,Meowstic,Sinistcha-Masterpiece,Archaludon,Golurkite,Leftovers,Focus Sash,Sitrus Berry,Mental Herb,Chesto Berry,None,13 Apr 2026,-,,https://pokepast.es/92a5dae22143b7cb,https://x.com/Skwovetboi/status/2043408547178807338?s=20,Skwovetboi
PC233,Skwovetboi's Glimmora HO Team,Skwovetboi,Glimmora-Mega,Volcarona,Basculegion,Corviknight,Tinkaton,Garchomp,Glimmoranite,Focus Sash,Choice Scarf,Sitrus Berry,Shuca Berry,Soft Sand,None,13 Apr 2026,-,,https://pokepast.es/4302ff60172460c5,https://x.com/Skwovetboi/status/2043408547178807338?s=20,Skwovetboi
PC232,Skwovetboi's Aggron Clefable Team,Skwovetboi,Aggron-Mega,Clefable-Mega,Basculegion,Sneasler,Sinistcha-Masterpiece,Hydreigon,Aggronite,Clefablite,White Herb,Focus Sash,Sitrus Berry,Choice Scarf,None,13 Apr 2026,-,,https://pokepast.es/1b40ef3bd509ead7,https://x.com/Skwovetboi/status/2043408547178807338?s=20,Skwovetboi
PC231,Skwovetboi's Aggron Offense Team,Skwovetboi,Aggron-Mega,Basculegion,Sneasler,Clefable,Sinistcha-Masterpiece,Hydreigon,Aggronite,White Herb,Focus Sash,Fairy Feather,Sitrus Berry,Choice Scarf,None,13 Apr 2026,-,,https://pokepast.es/daa957540bb9008e,https://x.com/Skwovetboi/status/2043408547178807338?s=20,Skwovetboi
PC230,ogrevgc's Alpensee Anniversary by codecentric AG Tour Champion Team,ogrevgc,Floette-Eternal-Mega,Basculegion,Aerodactyl,Sneasler,Maushold-Four,Kingambit,Floettite,Choice Scarf,Focus Sash,White Herb,Chople Berry,Black Glasses,P8D0K3H3T3,13 Apr 2026,Alpensee Anniversary by codecentric AG Tour,Champion,https://pokepast.es/110f1ffe9d58776b,https://x.com/ogrevgc/status/2043401750430830681?s=46&t=WmXEnVa3rTSw0P9A0n6S3Q,ogrevgc
PC229,JMOdri's Gardevoir Hydreigon Team,Juan Manuel Odriozola,Gardevoir-Mega,Rotom-Heat,Tauros-Paldea-Aqua,Aerodactyl,Aegislash,Hydreigon,Gardevoirite,Choice Scarf,Mystic Water,Focus Sash,Spell Tag,Chople Berry,4RMQUHVYCY,13 Apr 2026,-,,https://pokepast.es/70e775653cd95590,https://x.com/jmodrivgc/status/2043402116115386410?s=46&t=WmXEnVa3rTSw0P9A0n6S3Q,jmodrivgc
PC228,glaxonxiii's Warm Up Challenge Team,glaxonxiii,Dragonite-Mega,Incineroar,Palafin,Pelipper,Excadrill,Archaludon,Dragoninite,Sitrus Berry,Choice Scarf,Focus Sash,Metal Coat,Leftovers,WJG7BFWCY8,13 Apr 2026,Warm Up Challenge,,https://pokepast.es/401adfc3b160b887,https://x.com/glaxonxiii/status/2043401040289058915?s=46&t=WmXEnVa3rTSw0P9A0n6S3Q,glaxonxiii
PC227,JoeUX9's Golurk Sun Room Team,Joseph Ugarte,Golurk-Mega,Incineroar,Torkoal,Venusaur,Sneasler,Farigiraf,Golurkite,Shuca Berry,Charcoal,Focus Sash,White Herb,Sitrus Berry,8TUNH9BY0R,13 Apr 2026,Video,,https://pokepast.es/ac71587d92443dfd,https://x.com/joeux9/status/2043389371647136124?s=46&t=WmXEnVa3rTSw0P9A0n6S3Q,joeux9
PC226,JoeUX9's Delphox Dragonite Team,Joseph Ugarte,Delphox-Mega,Basculegion,Sneasler,Clefable,Kingambit,Dragonite,Delphoxite,Choice Scarf,Focus Sash,Sitrus Berry,Black Glasses,Lum Berry,DGMVSAHKWY,13 Apr 2026,Video,,https://pokepast.es/c9f0a8ec981a3c64,https://x.com/joeux9/status/2043389371647136124?s=46&t=WmXEnVa3rTSw0P9A0n6S3Q,joeux9
PC225,JoeUX9's Floette Tyranitar Team,Joseph Ugarte,Floette-Eternal-Mega,Tyranitar-Mega,Incineroar,Rotom-Wash,Excadrill,Sinistcha,Floettite,Tyranitarite,Chople Berry,Sitrus Berry,Focus Sash,Leftovers,C1T3RFNDQ8,13 Apr 2026,Video,,https://pokepast.es/08f66378a2dffa47,https://x.com/joeux9/status/2043389371647136124?s=46&t=WmXEnVa3rTSw0P9A0n6S3Q,joeux9
PC224,JoeUX9's Floette Gengar Team,Joseph Ugarte,Floette-Eternal-Mega,Gengar-Mega,Incineroar,Politoed,Whimsicott,Kommo-o,Floettite,Gengarite,Chople Berry,Sitrus Berry,Focus Sash,Dragon Fang,2FES7SQCU0,13 Apr 2026,Video,,https://pokepast.es/6ffd0f2e3e49db81,https://x.com/joeux9/status/2043389371647136124?s=46&t=WmXEnVa3rTSw0P9A0n6S3Q,joeux9
PC223,srroxas' Liga Da Comunidade #1 Tour Team,srroxas,Floette-Eternal-Mega,Typhlosion-Hisui,Sneasler,Whimsicott,Sinistcha,Sylveon,Floettite,Choice Scarf,White Herb,Focus Sash,Leftovers,Fairy Feather,LUGA3FLHGW,13 Apr 2026,Liga Da Comunidade #1 Tour Team,,https://pokepast.es/72df2cf1d83efd92,https://x.com/srroxas/status/2043052943226605844?s=46&t=WmXEnVa3rTSw0P9A0n6S3Q,srroxas
PC222,Hari's Slowbro Sun Team,Thomas Gravouille,Slowbro-Mega,Torkoal,Typhlosion-Hisui,Rhyperior,Vivillon,Whimsicott,Slowbronite,Charcoal,Choice Scarf,White Herb,Focus Sash,Fairy Feather,1P4BBV77HM,13 Apr 2026,-,,https://pokepast.es/b322ed66fec43141,https://x.com/haripkmn/status/2043374206742675589?s=46&t=WmXEnVa3rTSw0P9A0n6S3Q,haripkmn
PC221,Wolfe Glick & Alpharad's Starmie Huge Power Team,Wolfe Glick & Alpharad,Starmie-Mega,Rotom-Heat,Aerodactyl,Tyranitar,Aegislash,Garchomp,Starminite,Sitrus Berry,Focus Sash,Choice Scarf,Leftovers,White Herb,WN6FHCGQ6F,13 Apr 2026,-,,https://pokepast.es/2d7b4c4d9f8dda08,https://www.youtube.com/watch?v=MDTT8szI7ko,Manual Entry
PC220,DragonairJordan's Floette Sun Team,Elijah Gardner,Floette-Eternal-Mega,Incineroar,Torkoal,Venusaur,Farigiraf,Garchomp,Floettite,Sitrus Berry,Charcoal,Focus Sash,Colbur Berry,Choice Scarf,DMEJ1BKB5T,13 Apr 2026,-,,https://pokepast.es/a1c66ba27531f3cf,https://x.com/dragonairj/status/2043357941231739371?s=46&t=WmXEnVa3rTSw0P9A0n6S3Q,dragonairj
PC219,Baked's Alpensee Anniversary by codecentric AG Tour Top 32 Team,Fabian Braun,Gengar-Mega,Incineroar,Basculegion,Rotom-Wash,Maushold,Kommo-o,Gengarite,Chople Berry,Choice Scarf,Sitrus Berry,Focus Sash,Dragon Fang,JXRMN3F0VS,13 Apr 2026,Alpensee Anniversary by codecentric AG Tour,17th,https://pokepast.es/61a9b6d5d1ab4fe8,https://x.com/baked_vgc/status/2043342790583586911?s=46&t=WmXEnVa3rTSw0P9A0n6S3Q,baked_vgc
PC218,zeen's Floette Delphox Team,Shohei Kimura,Delphox-Mega,Floette-Eternal-Mega,Basculegion,Sneasler,Kingambit,Garchomp,Delphoxite,Floettite,Focus Sash,White Herb,Chople Berry,Sitrus Berry,WQJFCSJKFE,13 Apr 2026,-,,https://pokepast.es/bf69e0ecee2c00d5,https://x.com/zeen172m/status/2043359405182509116?s=46&t=WmXEnVa3rTSw0P9A0n6S3Q,zeen172m
PC217,_gunk0's Delphox Kingambit Team,_gunk0,Delphox-Mega,Rotom-Wash,Aerodactyl,Sneasler,Kingambit,Garchomp,Delphoxite,Sitrus Berry,Focus Sash,White Herb,Black Glasses,Choice Scarf,5T99F2U4CV,13 Apr 2026,-,,https://pokepast.es/e7588aee56615e95,https://x.com/_gunk0/status/2043339395000934507?s=46&t=WmXEnVa3rTSw0P9A0n6S3Q,_gunk0
PC216,spy_anya11's Floette Froslass Team,spy_anya11,Floette-Eternal-Mega,Froslass-Mega,Basculegion,Sneasler,Kingambit,Garchomp,Floettite,Froslassite,Sitrus Berry,Focus Sash,Chople Berry,Haban Berry,F0GNCPBNUE,13 Apr 2026,-,,https://pokepast.es/4e54c937e30a8b04,https://x.com/SPY_Anya11/status/2043319856666472534?s=20,SPY_Anya11
PC215,joeypokeaim's Blastoise Tyranitar Team,joeypokeaim,Blastoise-Mega,Tyranitar-Mega,Incineroar,Typhlosion-Hisui,Excadrill,Sinistcha,Blastoisinite,Tyranitarite,Lum Berry,Choice Scarf,Focus Sash,Sitrus Berry,L0TVVWAFRK,13 Apr 2026,Video,,https://pokepast.es/6d8b14ed90c6b240,https://www.youtube.com/live/MSYX6753xlY,Manual Entry
PC214,Rod's Scizor Balance Team,Rod,Scizor-Mega,Incineroar,Basculegion,Politoed,Sinistcha,Kommo-o,Scizorite,Chople Berry,Choice Scarf,Leftovers,Coba Berry,Sitrus Berry,NQTN3TVYL6,13 Apr 2026,-,,https://pokepast.es/76342b8920512df0,https://x.com/trnrrodvgc/status/2043269674625048737?s=46&t=WmXEnVa3rTSw0P9A0n6S3Q,trnrrodvgc
PC213,kkkk_poke's Teru Challenge Online Top 16 Team,kkkk_poke,Aerodactyl-Mega,Charizard,Incineroar,Rotom-Wash,Mamoswine,Sneasler,Aerodactylite,Charizardite Y,Sitrus Berry,Choice Scarf,Focus Sash,Shuca Berry,None,13 Apr 2026,Teru Challenge Online,Top 16,https://pokepast.es/d11bef4e86dc42af,https://x.com/kkkk_poke/status/2043294115761430970?s=46,kkkk_poke
PC212,kim0227poke's Teru Challenge Online Top 4 Team,kim0227poke,Aerodactyl-Mega,Gengar-Mega,Incineroar,Sneasler,Kingambit,Garchomp,Aerodactylite,Gengarite,Leftovers,Focus Sash,Black Glasses,Sitrus Berry,YWYT2F979E,13 Apr 2026,Teru Challenge Online,Top 4,https://pokepast.es/b84ba0788952a46e,https://x.com/kim0227poke/status/2043299385547821230?s=46,kim0227poke
PC211,chrono_876's Delphox Manectric Team,chrono_876,Delphox-Mega,Manectric-Mega,Meowscarada,Corviknight,Sylveon,Garchomp,Delphoxite,Manectite,Choice Scarf,Occa Berry,Leftovers,Sitrus Berry,6DKKHNQJE2,12 Apr 2026,-,,https://pokepast.es/e7d6443be5f34555,https://x.com/chrono_876/status/2043202748817211440?s=46&t=WmXEnVa3rTSw0P9A0n6S3Q,chrono_876
PC210,BTrickroomZ's Floette Tyranitar Team,Yuta Ishigaki,Floette-Eternal-Mega,Tyranitar-Mega,Incineroar,Sinistcha,Corviknight,Garchomp,Floettite,Tyranitarite,Sitrus Berry,Mental Herb,Leftovers,Soft Sand,W42Q2R1R5A,12 Apr 2026,-,,https://pokepast.es/cab11ff79b15e3a4,https://x.com/btrickroomz/status/2043218158480470382?s=46&t=WmXEnVa3rTSw0P9A0n6S3Q,btrickroomz
PC209,jessditta's Froslass Talonflame Team,jessditta,Froslass-Mega,Arcanine-Hisui,Talonflame,Palafin,Sinistcha,Kommo-o,Froslassite,Shuca Berry,Focus Sash,Mystic Water,Sitrus Berry,Leftovers,2R24U23C9Y,12 Apr 2026,-,,https://pokepast.es/5077be670a216e97,https://x.com/jessditta/status/2043191843903680693?s=46&t=WmXEnVa3rTSw0P9A0n6S3Q,jessditta
PC208,arcanisyt's Beedrill Corviknight Team,arcanisyt,Beedrill-Mega,Incineroar,Milotic,Sneasler,Corviknight,Ninetales-Alola,Beedrillite,Sitrus Berry,No Item Info,White Herb,Quick Claw,Focus Sash,BEG7MC8QR8,12 Apr 2026,-,,https://pokepast.es/f41535ed15ef1920,https://x.com/arcanisyt/status/2043109992870392255?s=46&t=WmXEnVa3rTSw0P9A0n6S3Q,arcanisyt
PC207,NatusPKMN's Meganium Sand Team,Nate Innocenti,Meganium-Mega,Tyranitar-Mega,Rotom-Heat,Gyarados,Excadrill,Corviknight,Meganiumite,Tyranitarite,Choice Scarf,Sitrus Berry,Focus Sash,Leftovers,YYFRHMKAEL,12 Apr 2026,-,,https://pokepast.es/28e6bd5de029212d,https://x.com/natuspkmn/status/2043222035996750249?s=46&t=WmXEnVa3rTSw0P9A0n6S3Q,natuspkmn
PC206,cantfly's Floette Delphox Team,Yuma Miyamoto,Delphox-Mega,Floette-Eternal-Mega,Talonflame,Sinistcha,Kingambit,Garchomp,Delphoxite,Floettite,Sharp Beak,Sitrus Berry,Chople Berry,White Herb,1FFHFFNXY7,12 Apr 2026,-,,https://pokepast.es/908b63d2fd320211,https://x.com/cantfly_ss/status/2043248382584746370,cantfly_ss
PC205,Ze Banded's Wide League Pokemon Champions SNR #84 Top 32 Team,Ze Banded,Aggron-Mega,Dragonite-Mega,Incineroar,Basculegion,Pelipper,Sinistcha,Aggronite,Dragoninite,Sitrus Berry,Choice Scarf,Focus Sash,Kasib Berry,L8PGP1UNP0,12 Apr 2026,Wide League Pokemon Champions SNR #84,17th,https://pokepast.es/fcfb30a7da3dd2d2,https://x.com/ZeBanded/status/2043230528946819419?s=20,ZeBanded
PC204,arubega's Kangaskhan Sylveon Team,Hiroto Hayasaki,Kangaskhan-Mega,Incineroar,Basculegion,Aerodactyl,Sylveon,Garchomp,Kangaskhanite,Sitrus Berry,Choice Scarf,Focus Sash,Leftovers,White Herb,407DVGLMR3,11 Apr 2026,-,,https://pokepast.es/69636f073ab01b95,https://x.com/arubega_poke/status/2043203066997125285?s=46,arubega_poke
PC203,Peters' Charizard-Y Typhlosion Team,Pierre Castro,Arcanine-Hisui,Charizard,Typhlosion-Hisui,Venusaur,Sneasler,Whimsicott,Lum Berry,Charizardite Y,Choice Scarf,Focus Sash,White Herb,Coba Berry,None,11 Apr 2026,-,,https://pokepast.es/1e49a4f945e96225,https://x.com/ad_petersvgc/status/2043153454915268906?s=46,ad_petersvgc
PC202,Kreide1119's Crabominable Drampa Team,Kreide1119,Crabominable-Mega,Drampa-Mega,Azumarill,Kingambit,Hatterene,Mimikyu,Crabominite,Drampanite,Sitrus Berry,Black Glasses,Focus Sash,Bright Powder,TCAVQKVSGK,11 Apr 2026,-,,https://pokepast.es/87bd443c8fdfd753,https://x.com/kreide1119/status/2043153825062907947?s=46,kreide1119
PC201,Kreide1119's Crabominable Camerupt Team,Kreide1119,Camerupt-Mega,Crabominable-Mega,Incineroar,Torkoal,Farigiraf,Kingambit,Cameruptite,Crabominite,White Herb,Charcoal,Silk Scarf,Black Glasses,TSJNK9S8V9,11 Apr 2026,-,,https://pokepast.es/24a3381387dcaae5,https://x.com/kreide1119/status/2043153825062907947?s=46,kreide1119
PC200,realiztikvgc's Charizard-Y Whimsicott Team,realiztikvgc,Charizard,Incineroar,Venusaur,Sneasler,Whimsicott,Garchomp,Charizardite Y,Sitrus Berry,Focus Sash,White Herb,Mental Herb,Choice Scarf,RD3HX81QF2,11 Apr 2026,-,,https://pokepast.es/8a013e06b314cf96,https://x.com/realiztikvgc/status/2043164719419117804?s=46,realiztikvgc
PC199,hii_syatyo2220's Blastoise Kommo-o Team,hii_syatyo2220,Blastoise-Mega,Talonflame,Aegislash,Sylveon,Dragapult,Kommo-o,Blastoisinite,Charcoal,Leftovers,Fairy Feather,Focus Sash,Dragon Fang,None,11 Apr 2026,-,,https://pokepast.es/2b9822af7200c33b,https://x.com/hii_syatyo2220/status/2042911095086813210?s=46,hii_syatyo2220
PC198,hiscribble's Floette HO Team,hiscribble,Floette-Eternal-Mega,Rotom-Heat,Basculegion,Aerodactyl,Sneasler,Garchomp,Floettite,Sitrus Berry,Choice Scarf,Focus Sash,White Herb,Soft Sand,None,11 Apr 2026,-,,https://pokepast.es/90491f8f7d1fc1e1,https://x.com/hiscribble/status/2043114546299056384?s=46&t=WmXEnVa3rTSw0P9A0n6S3Q,hiscribble
PC197,scraftita's Froslass Arcanine Team,scraftita,Froslass-Mega,Arcanine,Rotom-Wash,Sneasler,Whimsicott,Kingambit,Froslassite,Sitrus Berry,Choice Scarf,White Herb,Focus Sash,Black Glasses,Q1C523AGRB,11 Apr 2026,-,,https://pokepast.es/ea9b2f4f200398fb,https://x.com/scraftita/status/2043118213085495657?s=46,scraftita
PC196,yassun_normal's Glimmora Skarmory Team,yassun_normal,Glimmora-Mega,Skarmory-Mega,Arcanine,Basculegion-F,Vanilluxe,Garchomp,Glimmoranite,Skarmorite,Black Belt,Mystic Water,Choice Scarf,Focus Sash,47WNCN4VVE,11 Apr 2026,-,,https://pokepast.es/de028e96242f290b,https://x.com/yassun_normal/status/2042855522790256765?s=46,yassun_normal
PC195,4milkfang's Charizard-Y Garchomp Team,4milkfang,Charizard,Incineroar,Rotom-Wash,Sneasler,Whimsicott,Garchomp,Charizardite Y,Sitrus Berry,Leftovers,White Herb,Focus Sash,Choice Scarf,HJUV9QP8U2,11 Apr 2026,-,,https://pokepast.es/826a98c2e8ea3c07,https://x.com/4milkfang/status/2043131032380358902?s=46,4milkfang
PC194,Steven Sarumi's Dragonite Pelipper Team,Steven Sarumi,Dragonite-Mega,Basculegion,Pelipper,Sneasler,Clefable,Kingambit,Dragoninite,Mystic Water,Focus Sash,White Herb,Sitrus Berry,Bright Powder,81VFECDER0,11 Apr 2026,-,,https://pokepast.es/3f37ead9585e8a0d,https://x.com/pkmncast/status/2043146132453212417?s=46&t=WmXEnVa3rTSw0P9A0n6S3Q,pkmncast
PC193,trueburna's Floette Aerodactyl Team,trueburna,Floette-Eternal-Mega,Incineroar,Aerodactyl,Sneasler,Sinistcha,Garchomp,Floettite,Sitrus Berry,Focus Sash,White Herb,Kasib Berry,Lum Berry,WJVPYTWWFW,11 Apr 2026,-,,https://pokepast.es/de556a6094e5bc78,https://x.com/trueburna/status/2043131382323388720?s=46&t=WmXEnVa3rTSw0P9A0n6S3Q,trueburna
PC192,LuixenS' Froslass Milotic Team,LuixenS,Froslass-Mega,Incineroar,Milotic,Meowscarada,Altaria,Garchomp,Froslassite,Sitrus Berry,Leftovers,Focus Sash,Haban Berry,Choice Scarf,KJG32JJMSF,11 Apr 2026,-,,https://pokepast.es/16bc17a50c39db80,https://x.com/LuixenS/status/2043107664184463844?s=20,LuixenS
PC191,Atalanta's Blastoise Sableye Team,Atalanta,Blastoise-Mega,Basculegion,Aerodactyl,Sneasler,Sableye,Kingambit,Blastoisinite,Choice Scarf,Focus Sash,White Herb,Roseli Berry,Chople Berry,ELYPF6YCMG,11 Apr 2026,-,,https://pokepast.es/a5b19318b63b27ae,https://x.com/WandaLi11688951/status/2043106509056315753?s=20,WandaLi11688951
PC190,bombstar13's Froslass Corviknight Team,bombstar13,Froslass-Mega,Incineroar,Whimsicott,Sinistcha,Corviknight,Garchomp,Froslassite,Sitrus Berry,Focus Sash,Leftovers,Black Belt,Yache Berry,RDL49759RH,11 Apr 2026,-,,https://pokepast.es/c2555898c9ae40fa,https://x.com/bombstar13/status/2043093346017837228?s=46&t=WmXEnVa3rTSw0P9A0n6S3Q,bombstar13
PC189,arcanisyt's Blastoise Rain Team,arcanisyt,Blastoise-Mega,Incineroar,Pelipper,Sneasler,Sinistcha,Archaludon,Blastoisinite,Sitrus Berry,Focus Sash,White Herb,Colbur Berry,Choice Scarf,GJKPJNFG0D,11 Apr 2026,-,,https://pokepast.es/41962a07e0a79577,https://x.com/arcanisyt/status/2043004839022514208?s=46&t=WmXEnVa3rTSw0P9A0n6S3Q,arcanisyt
PC188,iona_rosesrc's Meganium Rain Team,iona_rosesrc,Meganium-Mega,Incineroar,Basculegion,Pelipper,Archaludon,Dragonite,Meganiumite,Sitrus Berry,Mystic Water,Focus Sash,White Herb,Yache Berry,PPQVHU2R0T,11 Apr 2026,-,,https://pokepast.es/83f0a9eebb8d72f8,https://x.com/iona_rosesrc/status/2043062137984024914?s=46&t=WmXEnVa3rTSw0P9A0n6S3Q,iona_rosesrc
PC187,Cybertron's Charizard-Y Venusaur Team,Aaron Zheng,Charizard,Incineroar,Rotom-Wash,Venusaur,Sneasler,Garchomp,Charizardite Y,Sitrus Berry,Leftovers,Focus Sash,White Herb,Choice Scarf,NFVS4SYCW2,11 Apr 2026,Video,,https://pokepast.es/eba375a651993e65,https://youtu.be/iqbvIZC4uvc?si=h9eqY7D-rC_688w8,CybertronVGC
PC186,steffivgc_'s Tyranitar Venusaur Team,steffivgc_,Tyranitar-Mega,Venusaur-Mega,Incineroar,Typhlosion-Hisui,Milotic,Whimsicott,Tyranitarite,Venusaurite,Sitrus Berry,Choice Scarf,Leftovers,Focus Sash,FM2D35X1XX,11 Apr 2026,-,,https://pokepast.es/07e86280fd276e97,Discord Submission,Manual Entry
PC185,cona's Garchomp Charizard-Y Team,Hiroshi Onishi,Garchomp-Mega,Charizard,Tyranitar,Sinistcha,Corviknight,Gardevoir,Garchompite,Charizardite Y,Focus Sash,Sitrus Berry,Leftovers,Choice Scarf,VGUW4A95ML,11 Apr 2026,-,,https://pokepast.es/babc89689cb69002,https://x.com/cona_5757/status/2042991946524991816?s=20,cona_5757
PC184,shopoke0527's Tyranitar Meowstic Team,shopoke0527,Floette-Eternal-Mega,Tyranitar-Mega,Milotic,Excadrill,Meowstic,Archaludon,Floettite,Tyranitarite,Sitrus Berry,Focus Sash,Mental Herb,Choice Scarf,VD46X09RCX,11 Apr 2026,-,,https://pokepast.es/102a7ea71cf4ab5d,https://x.com/shopoke0527/status/2042987233637277773?s=20,shopoke0527
PC183,barudoru's Blastoise Typhlosion Team,Ryota Otsubo,Blastoise-Mega,Glimmora-Mega,Typhlosion,Tsareena,Whimsicott,Sinistcha,Blastoisinite,Glimmoranite,Charcoal,Choice Scarf,Focus Sash,Sitrus Berry,6G6JBSA141,11 Apr 2026,-,,https://pokepast.es/2271086a7f85cbe4,https://x.com/barudoru/status/2042911836220358926?s=20,barudoru
PC182,dodoriosiriru's Drampa Trick Room Team,Hijito Kihara,Drampa-Mega,Incineroar,Torkoal,Primarina,Mudsdale,Mimikyu,Drampanite,Sitrus Berry,Charcoal,Mystic Water,Soft Sand,Mental Herb,G292MKV520,10 Apr 2026,-,,https://pokepast.es/4121a3e9b42f6b15,https://x.com/dodoriosiriru/status/2042832257854152979?s=20,dodoriosiriru
PC181,Miquel Nicolau Gómez's Gyarados Raichu Team,Miquel Nicolau Gómez,Gyarados-Mega,Talonflame,Raichu,Sinistcha,Kingambit,Garchomp,Gyaradosite,Bright Powder,Focus Sash,Sitrus Berry,Chople Berry,White Herb,0W86A4K0UP,11 Apr 2026,-,,https://pokepast.es/343421d5146f8f38,https://x.com/torao_law97/status/2042981137031516578?s=20,torao_law97
PC180,kato_shohei's Floette Delphox Team,kato_shohei,Delphox-Mega,Floette-Eternal-Mega,Incineroar,Basculegion,Corviknight,Garchomp,Delphoxite,Floettite,Sitrus Berry,Focus Sash,Leftovers,Choice Scarf,7R3UGG8WF5,11 Apr 2026,-,,https://pokepast.es/dbfd1810399e619e,https://x.com/kato_shohei/status/2042897571983822955?s=20,kato_shohei
PC179,ZeroBlaze_'s Froslass Snow Team,ZeroBlaze_,Froslass-Mega,Incineroar,Basculegion,Sneasler,Sinistcha,Ninetales-Alola,Froslassite,Sitrus Berry,Choice Scarf,White Herb,Leftovers,Focus Sash,43AAH2KMRA,11 Apr 2026,-,,https://pokepast.es/570cc833c82ec193,https://x.com/ZeroBlaze_/status/2042933098342486515?s=20,ZeroBlaze_
PC178,homura_kurenai_'s Tera Challenge Daily #3 Champion Team,homura_kurenai_,Delphox-Mega,Floette-Eternal-Mega,Aerodactyl,Sneasler,Maushold-Four,Garchomp,Delphoxite,Floettite,Focus Sash,White Herb,Chople Berry,Sitrus Berry,YJGBJARH4E,11 Apr 2026,Tera Challenge Daily #3,Champion,https://pokepast.es/d4a4030826913c70,https://x.com/homura_kurenai_/status/2042972144607596685?s=20,homura_kurenai_
PC177,alcana's Charizard-Y Mamoswine Team,Kiwamu Endo,Charizard,Rotom-Wash,Aerodactyl,Mamoswine,Kingambit,Garchomp,Charizardite Y,Choice Scarf,Focus Sash,Never-Melt Ice,Chople Berry,Sitrus Berry,2CGX6EHTMS,11 Apr 2026,-,,https://pokepast.es/25330b8968a05978,https://x.com/alcana_10906/status/2042973523849941490?s=20,alcana_10906
PC176,YURIN's Charizard-Y Gardevoir Team,YURIN,Gardevoir-Mega,Charizard,Basculegion,Aerodactyl,Sneasler,Maushold-Four,Gardevoirite,Charizardite Y,Choice Scarf,Focus Sash,White Herb,Chople Berry,23D6XQHLL1,11 Apr 2026,-,,https://pokepast.es/3fba1f048655851c,https://x.com/yurin_625/status/2042904089189847180?s=20,yurin_625
PC175,Redsilver's Gardevoir Corviknight Team,Hippolyte Bernard,Gardevoir-Mega,Incineroar,Rotom-Wash,Sinistcha,Corviknight,Garchomp,Gardevoirite,Chesto Berry,Choice Scarf,Sitrus Berry,Leftovers,White Herb,RXPJBK2A1F,11 Apr 2026,-,,https://pokepast.es/edc6b8b9df82db35,https://x.com/RedsilverFR/status/2042886406217838806?s=20,RedsilverFR
PC174,Naniromaaa's Charizard-Y Sableye Team,Naniromaaa,Charizard,Milotic,Sableye,Espathra,Gardevoir,Garchomp,Charizardite Y,Sitrus Berry,Roseli Berry,Focus Sash,Choice Scarf,White Herb,8L2BSP4DF7,11 Apr 2026,-,,https://pokepast.es/9da15af3c724e153,https://x.com/Naniromaaa/status/2042988316950172091?s=20,Naniromaaa
PC173,GustavoMVP_'s Gengar Gallade Team,GustavoMVP_,Gengar-Mega,Incineroar,Basculegion,Gallade,Whimsicott,Aegislash,Gengarite,Sitrus Berry,Focus Sash,Scope Lens,Leftovers,Quick Claw,G0WB5RENAT,11 Apr 2026,-,,https://pokepast.es/9239c58e82ca958a,https://x.com/GustavoMVP_/status/2042878027617501283?s=20,GustavoMVP_
PC172,rainrmn's Starmie Hydreigon Team,rainrmn,Starmie-Mega,Incineroar,Pelipper,Sneasler,Garchomp,Hydreigon,Starminite,Sitrus Berry,Focus Sash,White Herb,Soft Sand,Choice Scarf,MR44BPEF7X,11 Apr 2026,-,,https://pokepast.es/17821956e5f6461b,https://x.com/rainrmn/status/2042945020987347328?s=20,rainrmn
PC171,Jaylun's Tyranitar Sinistcha Team,Yang Chieh-Lun,Tyranitar-Mega,Gyarados,Excadrill,Sneasler,Whimsicott,Sinistcha,Tyranitarite,Sitrus Berry,Focus Sash,White Herb,Fairy Feather,Colbur Berry,2KEF69HSEJ,11 Apr 2026,Video,,https://pokepast.es/558097d675c2f2ff,https://x.com/Jaylun44/status/2042906047518773522?s=20,Jaylun44
PC170,kurbito's Delphox Aerodactyl Team,kurbito,Delphox-Mega,Rotom-Wash,Aerodactyl,Sneasler,Kingambit,Garchomp,Delphoxite,Choice Scarf,Focus Sash,White Herb,Black Glasses,Roseli Berry,59NK0UCQAT,11 Apr 2026,-,,https://pokepast.es/b7b6810f8d31fdba,https://x.com/Kurbitoo/status/2042938419177824297?s=20,Kurbitoo
PC169,Light_88_'s Floette Rain Team,Light_88_,Floette-Eternal-Mega,Incineroar,Pelipper,Sneasler,Sinistcha,Archaludon,Floettite,Lum Berry,Focus Sash,White Herb,Sitrus Berry,Leftovers,LLMX4RCR24,9 Apr 2026,-,,https://pokepast.es/d9994bf1fdfdd0c8,https://x.com/Light_88_/status/2042380061228101793?s=20,Light_88_
PC168,soulkw's Feraligatr Scizor Team,soulkw,Feraligatr-Mega,Arcanine,Meowscarada,Sneasler,Gengar,Scizor,Feraligite,Shuca Berry,Choice Scarf,White Herb,Focus Sash,Metal Coat,2QHQN1BWUQ,11 Apr 2026,-,,https://pokepast.es/b4c3afadc45a8b98,Discord Submission,Manual Entry
PC167,Freezai's Floette Aerodactyl Team,Bhushan Thumsi,Floette-Mega,Incineroar,Basculegion,Aerodactyl,Sneasler,Garchomp,Floettite,Sitrus Berry,Choice Scarf,Focus Sash,White Herb,Haban Berry,VPSYBQ1JSU,11 Apr 2026,Video,,https://pokepast.es/c61b25a165d0052e,https://x.com/freezaiYT/status/2042958678999887889,freezaiYT
PC166,Desu's Ninopokebros Pokemon Champions First Tour Top 8 Team,Nico Davide Cognetta,Floette-Eternal-Mega,Tyranitar-Mega,Incineroar,Rotom-Wash,Excadrill,Sinistcha,Floettite,Tyranitarite,Chople Berry,Leftovers,Focus Sash,Sitrus Berry,P0CAKQ4QHU,10 Apr 2026,Ninopokebros Pokemon Champions First Tour,Top 8,https://pokepast.es/92705bdb544f0d43,https://x.com/DesuVGC/status/2042832103490937053,DesuVGC
PC165,breasoy's Tyranitar Excadrill Team,breasoy,Tyranitar-Mega,Incineroar,Milotic,Excadrill,Corviknight,Gardevoir,Tyranitarite,Sitrus Berry,Wacan Berry,Focus Sash,Leftovers,Choice Scarf,GV3VD9L92L,10 Apr 2026,-,,https://pokepast.es/5b428e2b50449d1c,https://x.com/breasoy/status/2042566390285062350?s=46&t=WmXEnVa3rTSw0P9A0n6S3Q,breasoy
PC164,Wolfey's Froslass Orthworm Team,Wolfe Glick,Froslass-Mega,Incineroar,Basculegion,Rotom-Frost,Orthworm,Garchomp,Froslassite,Lum Berry,Choice Scarf,Never-Melt Ice,Sitrus Berry,Focus Sash,7S7RENU9B9,10 Apr 2026,Video,,https://pokepast.es/7f6a53c93418a5c2,https://youtu.be/P3txtowxpeo?si=cnb29XLHZp7DkCT5,WolfeyGlick
PC163,maddyinaction's Floette Rain Team,maddyinaction,Floette-Eternal-Mega,Incineroar,Basculegion,Pelipper,Sneasler,Archaludon,Floettite,Lum Berry,Mystic Water,Focus Sash,White Herb,Sitrus Berry,STX0U8E6LC,10 Apr 2026,-,,https://pokepast.es/6dedd7e718250026,https://x.com/maddyinaction/status/2042836542679331215?s=46&t=WmXEnVa3rTSw0P9A0n6S3Q,maddyinaction
PC162,iwillthegamer's Tyranitar Corviknight Team,iwillthegamer,Tyranitar-Mega,Incineroar,Rotom-Wash,Excadrill,Sinistcha,Corviknight,Tyranitarite,Shuca Berry,Leftovers,Focus Sash,Sitrus Berry,Occa Berry,71EFL6W6L3,10 Apr 2026,-,,https://pokepast.es/337b27749e974d60,https://x.com/iwillthegamer/status/2042843084929618125?s=46&t=WmXEnVa3rTSw0P9A0n6S3Q,iwillthegamer
PC161,itoranotikubi's Gengar Rain Team,itoranotikubi,Gengar-Mega,Scizor-Mega,Basculegion,Pelipper,Politoed,Archaludon,Gengarite,Scizorite,Mystic Water,Focus Sash,Sitrus Berry,Leftovers,FJ7FELPX4N,10 Apr 2026,-,,https://pokepast.es/cab775330d8f2b6e,https://x.com/itoranotikubi/status/2042841193898549638?s=46&t=WmXEnVa3rTSw0P9A0n6S3Q,itoranotikubi
PC160,cyaksgaming's Floette Maushold Team,cyaksgaming,Floette-Eternal-Mega,Incineroar,Sneasler,Maushold-Four,Sinistcha,Garchomp,Floettite,Sitrus Berry,White Herb,Focus Sash,Leftovers,Soft Sand,BA37BS0FJS,10 Apr 2026,-,,https://pokepast.es/fc8842f0244f1f87,https://x.com/cyaksgaming/status/2042799974946111785?s=46&t=WmXEnVa3rTSw0P9A0n6S3Q,cyaksgaming
PC159,Rinya's Aerodactyl Kingambit Team,Rinya Kobayashi,Aerodactyl-Mega,Rotom-Wash,Sneasler,Kingambit,Archaludon,Garchomp,Aerodactylite,Leftovers,Focus Sash,Chople Berry,Choice Scarf,Sitrus Berry,SS3UAA7KNY,10 Apr 2026,-,,https://pokepast.es/980a4ae01d83406b,https://x.com/gozira2004/status/2042825595512590790?s=46&t=WmXEnVa3rTSw0P9A0n6S3Q,gozira2004
PC158,platano_power_420's Glimmora Sand Team,platano_power_420,Glimmora-Mega,Milotic,Excadrill,Tyranitar,Sinistcha,Corviknight,Glimmoranite,Sitrus Berry,Focus Sash,Chople Berry,Lum Berry,Leftovers,AA4LM166CH,10 Apr 2026,-,,https://pokepast.es/bbd3da26c5df884e,Discord Submission,Manual Entry
PC157,Magnetman's Floette Tyranitar Team,Adryan Sutantoso,Floette-Eternal-Mega,Tyranitar-Mega,Incineroar,Rotom-Wash,Excadrill,Sinistcha,Floettite,Tyranitarite,Chople Berry,Sitrus Berry,Focus Sash,Leftovers,GFYA388PVY,10 Apr 2026,-,,https://pokepast.es/95bf339fa7e2de70,https://x.com/magnetmanvgc/status/2042817277247262903?s=46&t=WmXEnVa3rTSw0P9A0n6S3Q,magnetmanvgc
PC156,Hector Hurtado's Froslass Milotic Team,Hector Hurtado,Froslass-Mega,Milotic,Sneasler,Whimsicott,Kingambit,Garchomp,Froslassite,Leftovers,White Herb,Focus Sash,Black Glasses,Choice Scarf,1W3PTG2KS3,10 Apr 2026,-,,https://pokepast.es/5eb4181fe97402b7,https://x.com/gamesblackstorm/status/2042796789158334741?s=46&t=WmXEnVa3rTSw0P9A0n6S3Q,gamesblackstorm
PC155,shuuka_poke's Floette Kingambit Team,shuuka_poke,Floette-Eternal-Mega,Incineroar,Basculegion,Aerodactyl,Sneasler,Kingambit,Floettite,Sitrus Berry,Choice Scarf,Focus Sash,White Herb,Chople Berry,4Y8SYLV3EU,10 Apr 2026,-,,https://pokepast.es/da07f453b16a25e8,https://x.com/shuuka_poke/status/2042791494122410232?s=46&t=WmXEnVa3rTSw0P9A0n6S3Q,shuuka_poke
PC154,zalwa13's Kangaskhan Gallade Team,zalwa13,Kangaskhan-Mega,Arcanine-Hisui,Gallade,Whimsicott,Aegislash,Hydreigon,Kangaskhanite,White Herb,Scope Lens,Focus Sash,Leftovers,Choice Scarf,RPVB9XRD04,10 Apr 2026,-,,https://pokepast.es/9d93eec8bf9a7f58,https://x.com/zalwa13/status/2042774192752566276?s=46&t=WmXEnVa3rTSw0P9A0n6S3Q,zalwa13
PC153,MrPenguin93's Venusaur Tyranitar Team,Juan C. Ortiz,Venusaur-Mega,Incineroar,Rotom-Wash,Tyranitar,Gardevoir,Garchomp,Venusaurite,Lum Berry,Sitrus Berry,Chople Berry,Choice Scarf,White Herb,None,10 Apr 2026,-,,https://pokepast.es/c943218989f9764e,https://x.com/mrpenguin93/status/2042786758509682988?s=46&t=WmXEnVa3rTSw0P9A0n6S3Q,mrpenguin93
PC152,_gunk0's Charizard-Y Farigiraf Team,_gunk0,Charizard,Rotom-Wash,Sneasler,Whimsicott,Farigiraf,Garchomp,Charizardite Y,Sitrus Berry,White Herb,Focus Sash,Leftovers,Choice Scarf,FHGK2M25HP,10 Apr 2026,-,,https://pokepast.es/1269043afbf19b6a,https://x.com/_gunk0/status/2042769967142093153?s=46&t=WmXEnVa3rTSw0P9A0n6S3Q,_gunk0
PC151,c7efairy's Alcremie Mimikyu Team,c7efairy,Clefable-Mega,Gardevoir-Mega,Basculegion,Alcremie,Mimikyu,Garchomp,Clefablite,Gardevoirite,Quick Claw,Sitrus Berry,White Herb,Focus Sash,64PKH2M6E6,10 Apr 2026,-,,https://pokepast.es/d25dafadce6ea64c,https://x.com/c7efairy/status/2042782259980468665?s=46&t=WmXEnVa3rTSw0P9A0n6S3Q,c7efairy
PC150,void_c0re's Charizard-Y Gengar Team,void_c0re,Gengar-Mega,Charizard,Aerodactyl,Sneasler,Kingambit,Garchomp,Gengarite,Charizardite Y,Focus Sash,White Herb,Black Glasses,Choice Scarf,13ANV62LH5,10 Apr 2026,-,,https://pokepast.es/d1ad5779d44e503d,https://x.com/void_c0re/status/2042560749545955603?s=46&t=WmXEnVa3rTSw0P9A0n6S3Q,void_c0re
PC149,katatatat__'s Froslass Scovillain Team,katatatat__,Scovillain,Basculegion,Froslass,Sneasler,Kingambit,Kommo-o,No Item Info,No Item Info,No Item Info,No Item Info,No Item Info,No Item Info,SDLY5JBWAS,10 Apr 2026,-,,https://pokepast.es/a5814cbc9d02630f,https://x.com/katatatat__/status/2042749067239817453?s=46&t=WmXEnVa3rTSw0P9A0n6S3Q,katatatat__
PC148,pcdv8r's Manectric Skarmory Team,pcdv8r,Manectric-Mega,Skarmory-Mega,Incineroar,Kingambit,Sylveon,Dragapult,Manectite,Skarmorite,Sitrus Berry,Black Glasses,Fairy Feather,Lum Berry,JR0EC8K4UW,10 Apr 2026,-,,https://pokepast.es/276148eb16c8cfbe,https://x.com/pcdv8r/status/2042702345755369787?s=46&t=WmXEnVa3rTSw0P9A0n6S3Q,pcdv8r
PC147,k_moou's Charizard-Y Tyranitar Team,k_moou,Tyranitar-Mega,Charizard,Gyarados,Mamoswine,Sneasler,Aegislash,Tyranitarite,Charizardite Y,Sitrus Berry,Focus Sash,White Herb,Spell Tag,YYFTT0LC92,10 Apr 2026,-,,https://pokepast.es/bb285e8f966524b2,https://x.com/k_moou/status/2042647640941433229?s=46&t=WmXEnVa3rTSw0P9A0n6S3Q,k_moou
PC146,Lexicon's Blastoise Rain Team,Alex Underhill,Blastoise-Mega,Incineroar,Basculegion,Pelipper,Farigiraf,Sinistcha,Blastoisinite,White Herb,Choice Scarf,Focus Sash,Mental Herb,Sitrus Berry,AW2JR3D451,10 Apr 2026,-,,https://pokepast.es/6516fecaabe389f3,https://x.com/lexiconvgc/status/2042709922513850446?s=46&t=WmXEnVa3rTSw0P9A0n6S3Q,lexiconvgc
PC145,roasis2802's Glimmora Sylveon Team,roasis2802,Glimmora-Mega,Talonflame,Kingambit,Sylveon,Garchomp,Hydreigon,Glimmoranite,Sharp Beak,Chople Berry,Leftovers,Choice Scarf,Haban Berry,GEDXJTRDDJ,10 Apr 2026,-,,https://pokepast.es/64a0cedea73483f2,https://x.com/roasis2802/status/2042653636015354293?s=46&t=WmXEnVa3rTSw0P9A0n6S3Q,roasis2802
PC144,vgiodav's Froslass Zoroark-Hisui Team,vgiodav,Froslass-Mega,Incineroar,Rotom-Wash,Meowscarada,Zoroark-Hisui,Dragonite,Froslassite,Black Belt,Sitrus Berry,Focus Sash,Choice Scarf,Lum Berry,X5UCJBC8T6,10 Apr 2026,-,,https://pokepast.es/39219c4a0d422458,https://x.com/vgiodav/status/2042760160926367816?s=46&t=WmXEnVa3rTSw0P9A0n6S3Q,vgiodav
PC143,ant_atk's Charizard-Y Lucario Team,ant_atk,Lucario-Mega,Charizard,Rotom-Mow,Tyranitar,Dragapult,Garchomp,Lucarionite,Charizardite Y,Sitrus Berry,Choice Scarf,Focus Sash,White Herb,XWLUA5TDF0,10 Apr 2026,-,,https://pokepast.es/b88b722fd432c6a1,https://x.com/ant_atk/status/2042712667513618441?s=46&t=WmXEnVa3rTSw0P9A0n6S3Q,ant_atk
PC142,lorenzao14's Pinsir Mono Bug Team,lorenzao14,Pinsir-Mega,Volcarona,Araquanid,Kleavor,Vivillon,Scizor,Pinsirite,Lum Berry,Never-Melt Ice,Choice Scarf,Focus Sash,White Herb,CS6H0W00GK,10 Apr 2026,-,,https://pokepast.es/2245353805be04ff,https://x.com/lorenzao14/status/2042746671423963460?s=46&t=WmXEnVa3rTSw0P9A0n6S3Q,lorenzao14
PC141,JMOdri's Gardevoir Tauros Team,Juan Manuel Odriozola,Gardevoir-Mega,Rotom-Heat,Tauros-Paldea-Aqua,Aerodactyl,Aegislash,Hydreigon,Gardevoirite,Choice Scarf,Mystic Water,Focus Sash,Spell Tag,Chople Berry,RWWPUKWXMA,10 Apr 2026,-,,https://pokepast.es/c052327a108947d7,https://x.com/jmodrivgc/status/2042713459343712398?s=46&t=WmXEnVa3rTSw0P9A0n6S3Q,jmodrivgc
PC140,gaberainery's Gengar Palafin Team,gaberainery,Gengar-Mega,Incineroar,Palafin,Sneasler,Sinistcha,Ninetales-Alola,Gengarite,Sitrus Berry,Mystic Water,White Herb,Occa Berry,Focus Sash,2C10K439PD,10 Apr 2026,-,,https://pokepast.es/1eb12c6aaa1bf632,https://x.com/gaberainery/status/2042442227821982106,gaberainery
PC139,arboldeku's Charizard-Y Sylveon Team,arboldeku,Charizard,Venusaur,Aerodactyl,Kingambit,Sylveon,Garchomp,Charizardite Y,Focus Sash,Lum Berry,Chople Berry,Fairy Feather,Choice Scarf,NXVR7P2T6B,10 Apr 2026,-,,https://pokepast.es/65ffd04a857f20c4,https://x.com/arboldeku/status/2042686511942946914?s=46&t=WmXEnVa3rTSw0P9A0n6S3Q,arboldeku
PC138,Lorcy's Meganium Aegislash Team,Joshua Lorcy,Meganium-Mega,Incineroar,Milotic,Aerodactyl,Tyranitar,Aegislash,Meganiumite,Sitrus Berry,Leftovers,Focus Sash,Choice Scarf,Metal Coat,CCNTCMY941,10 Apr 2026,-,,https://pokepast.es/a514c287d87a2602,https://x.com/lorcylovesyou/status/2042701179788939421?s=46&t=WmXEnVa3rTSw0P9A0n6S3Q,lorcylovesyou
PC137,DUH's Dedenne Rain Team,Duh Jenn-Chau,Floette-Eternal-Mega,Incineroar,Basculegion,Pelipper,Dedenne,Sinistcha,Floettite,Chople Berry,Choice Scarf,Lum Berry,Focus Sash,Sitrus Berry,6G0EY2CX38,10 Apr 2026,-,,https://pokepast.es/6e0a2ccbba27e5f2,https://x.com/ilike282/status/2042692324548071914?s=46&t=WmXEnVa3rTSw0P9A0n6S3Q,ilike282
PC136,generalpigeon's Gardevoir Manectric Team,generalpigeon,Gardevoir-Mega,Manectric-Mega,Maushold-Four,Farigiraf,Corviknight,Dragonite,Gardevoirite,Manectite,Focus Sash,Colbur Berry,Leftovers,Dragon Fang,NLS04L7H05,10 Apr 2026,-,,https://pokepast.es/ac667cbbafae1071,https://x.com/generalpigeon/status/2042674096966680879?s=46&t=WmXEnVa3rTSw0P9A0n6S3Q,generalpigeon
PC135,WyatVGC's Starmie Aegislash Team,Wyatt McDonald,Starmie-Mega,Pelipper,Sneasler,Maushold,Aegislash,Archaludon,Starminite,Focus Sash,White Herb,Chople Berry,Kasib Berry,Leftovers,5BWGKNG5PC,10 Apr 2026,-,,https://pokepast.es/47f9a5fd9f7cc263,https://x.com/WyatVGC/status/2042678869115965471,WyatVGC
PC134,WyatVGC's Floette Charizard-Y Team,Wyatt McDonald,Charizard-Mega-Y,Floette-Mega,Incineroar,Venusaur,Aerodactyl,Garchomp,Charizardite Y,Floettite,Sitrus Berry,Focus Sash,Lum Berry,Choice Scarf,QBXKWXL05U,10 Apr 2026,-,,https://pokepast.es/93b3bf538407c484,https://x.com/WyatVGC/status/2042678869115965471,WyatVGC
PC133,Palo's Glimmora Conkeldurr Team,Juan Benítez,Glimmora-Mega,Incineroar,Gyarados,Conkeldurr,Mimikyu,Hydreigon,Glimmoranite,Lum Berry,Sitrus Berry,Black Belt,Mental Herb,Choice Scarf,10UKQPLB60,10 Apr 2026,-,,https://pokepast.es/462d3d6e2f0dbb22,https://x.com/SoyPalo_/status/2042681680947724800?s=20,SoyPalo_
PC132,cecilily's Meganium Dragonite Team,cecilily,Dragonite-Mega,Meganium-Mega,Basculegion,Pelipper,Sneasler,Archaludon,Dragoninite,Meganiumite,Choice Scarf,Focus Sash,White Herb,Leftovers,9Y838CAAR1,10 Apr 2026,-,,https://pokepast.es/8b832f9d0e2dc712,https://x.com/cecililytweets/status/2042658530482704420?s=20,cecililytweets
PC131,Asuka's Floette Talonflame Team,Asuka,Floette-Mega,Incineroar,Talonflame,Rotom-Wash,Sinistcha,Garchomp,Floettite,Chople Berry,No Item,Leftovers,Sitrus Berry,Soft Sand,SNE72HTH6T,10 Apr 2026,-,,https://pokepast.es/2451513151d0d018,https://x.com/asuka_pkmn/status/2042635452252065918,asuka_pkmn
PC130,Daniel Song's Kangaskhan Aegislash Team,Daniel Song,Kangaskhan-Mega,Arcanine,Gyarados,Sneasler,Aegislash,Hydreigon,Kangaskhanite,Sitrus Berry,Lum Berry,White Herb,Leftovers,Focus Sash,117UBW3HPW,10 Apr 2026,-,,https://pokepast.es/6583164022b85a0e,https://x.com/pokedansong/status/2042530941638447305?s=20,pokedansong
PC129,Hakua's Chesnaught Froslass Team,Hakua,Chesnaught-Mega,Froslass-Mega,Glimmora,Tyranitar,Sinistcha,Kingambit,Chesnaughtite,Froslassite,Focus Sash,Choice Scarf,Leftovers,Chople Berry,N7Y7DX79QK,10 Apr 2026,-,,https://pokepast.es/49a4aa1aeadbba36,https://x.com/hakua_pkm11/status/2042651035047739844,hakua_pkm11
PC128,Betchman's Charizard-Y Farigiraf Team,Betchman,Charizard-Mega-Y,Venusaur,Sneasler,Farigiraf,Kingambit,Garchomp,Charizardite Y,Focus Sash,White Herb,Sitrus Berry,Black Glasses,Choice Scarf,1F9G2NW0V4,10 Apr 2026,-,,https://pokepast.es/03f7852f3427209e,https://x.com/Betchman22/status/2042602055337152767?s=20,Betchman22
PC127,Chompy's Floette Orthworm Team,Chompy,Floette-Mega,Incineroar,Sinistcha,Orthworm,Dragonite,Garchomp,Floettite,Shuca Berry,Leftovers,Sitrus Berry,Lum Berry,Choice Scarf,9PM78N46W6,10 Apr 2026,-,,https://pokepast.es/874da6f459731ca0,https://x.com/chompygm_/status/2042633764937802110?s=46&t=WmXEnVa3rTSw0P9A0n6S3Q,chompygm_
PC126,bunde_'s Floette Garchomp Team,bunde_,Floette-Mega,Incineroar,Talonflame,Rotom-Wash,Sinistcha,Garchomp,Floettite,Chople Berry,Sharp Beak,Choice Scarf,Sitrus Berry,White Herb,X5UQ3839D7,10 Apr 2026,-,,https://pokepast.es/07d92110a5f02ea7,Discord Submission,Manual Entry
PC125,spy_anya11's Froslass Gengar Team,spy_anya11,Froslass-Mega,Gengar-Mega,Basculegion,Sneasler,Kingambit,Garchomp,Froslassite,Gengarite,Mystic Water,Focus Sash,Chople Berry,Sitrus Berry,GTD80RUKTJ,10 Apr 2026,-,,https://pokepast.es/95c99e68500eeeb2,https://x.com/spy_anya11/status/2042615355965894737?s=46,spy_anya11
PC124,nayzokz's Charizard Whimsicott Team,nayzokz,Charizard-Mega-Y,Rotom-Wash,Sneasler,Whimsicott,Farigiraf,Garchomp,Charizardite Y,Leftovers,White Herb,Focus Sash,Sitrus Berry,Yache Berry,1QA3QG1PWN,10 Apr 2026,-,,https://pokepast.es/87b4a816b2bf8d12,https://x.com/NayZoKzPOK/status/2042628851138769106,NayZoKzPOK
PC123,williamsracingcl43aa23's Froslass Sneasler Team,williamsracingcl43aa23,Froslass-Mega,Incineroar,Rotom-Wash,Sneasler,Sinistcha,Kingambit,Froslassite,Sitrus Berry,Magnet,White Herb,Leftovers,Black Glasses,4E70C27FK7,10 Apr 2026,-,,https://pokepast.es/f304b5892f395576,Discord Submission,Manual Entry
PC122,soulkw's Floette Excadrill Team,soulkw,Floette-Mega,Incineroar,Palafin,Excadrill,Sneasler,Dragonite,Floettite,Sitrus Berry,Mystic Water,Choice Scarf,Focus Sash,White Herb,GRY85CAB4R,10 Apr 2026,Video,,https://pokepast.es/ce6a857eba1aca8f,Discord Submission,Manual Entry
PC121,dodoriosiriru's Drampa Pinsir Team,Hijito Kihara,Drampa-Mega,Pinsir-Mega,Incineroar,Primarina,Mudsdale,Mimikyu,Drampanite,Pinsirite,Sitrus Berry,Mystic Water,Soft Sand,Mental Herb,XCD04537FV,10 Apr 2026,-,,https://pokepast.es/0ac4be160c05fd8c,https://x.com/dodoriosiriru/status/2042561611375018249?s=20,dodoriosiriru
PC120,Desu's Dragonite Palafin Team,Nico Davide Cognetta,Dragonite-Mega,Palafin,Politoed,Farigiraf,Aegislash,Sylveon,Dragoninite,Mystic Water,Leftovers,Sitrus Berry,Focus Sash,Fairy Feather,LD2M0MLG5N,10 Apr 2026,-,,https://pokepast.es/4ddae7ca44292e97,https://x.com/DesuVGC/status/2042561579644756433?s=20,DesuVGC
PC119,PsychoR&R's Charizard-Y Venusaur Team,PsychoR&R,Charizard-Mega-Y,Incineroar,Milotic,Venusaur,Gardevoir,Garchomp,Charizardite Y,Shuca Berry,Sitrus Berry,Focus Sash,Choice Scarf,Haban Berry,1725RCWA1Y,10 Apr 2026,-,,https://pokepast.es/814f0e8d137137c0,https://x.com/psyr_r/status/2042536574882345088?s=46,psyr_r
PC118,d5sfdql05gd54d2's Greninja Glimmora Team,d5sfdql05gd54d2,Glimmora-Mega,Greninja-Mega,Arcanine,Basculegion-F,Sneasler,Vanilluxe,Glimmoranite,Greninjite,Black Belt,Mystic Water,Focus Sash,Choice Scarf,9J4LTAW21D,10 Apr 2026,-,,https://pokepast.es/e38bb3d5ff4053f2,https://x.com/d5sfdql05gd54d2/status/2042429148371829185?s=46,d5sfdql05gd54d2
PC117,anrivgc's Floette Balance Team,anrivgc,Floette-Mega,Incineroar,Rotom-Wash,Aerodactyl,Sinistcha,Garchomp,Floettite,Chople Berry,Sitrus Berry,Focus Sash,Occa Berry,White Herb,7EL2E16F1D,10 Apr 2026,-,,https://pokepast.es/06c4d588d129ad75,https://x.com/anrivgc/status/2042101414252704107?s=46,anrivgc
PC116,smallyee's Kangaskhan Rain Team,Wang Yi-Liang,Kangaskhan-Mega,Incineroar,Basculegion,Pelipper,Tinkaton,Archaludon,Kangaskhanite,Chople Berry,Mystic Water,Focus Sash,Shuca Berry,White Herb,1CYY6UY334,10 Apr 2026,-,,https://pokepast.es/bff55055a0496f98,https://x.com/smallyeevgc/status/2042506362681463268?s=46,smallyeevgc
PC115,Suica's Charizard-Y Venusaur Team,Joji Kaieda,Charizard-Mega-Y,Incineroar,Basculegion,Venusaur,Sneasler,Garchomp,Charizardite Y,Sitrus Berry,Choice Scarf,Focus Sash,White Herb,Haban Berry,JB3GW3BVS8,10 Apr 2026,-,,https://pokepast.es/30c0c2d0d129e020,https://x.com/mihono_suica/status/2042505803312304401?s=46,mihono_suica
PC114,Twilite's Froslass Balance Team,Kshaunish Shaik,Froslass-Mega,Incineroar,Basculegion,Sneasler,Sinistcha,Kingambit,Froslassite,Lum Berry,Choice Scarf,Focus Sash,Occa Berry,Black Glasses,M5H09BJLLT,10 Apr 2026,-,,https://pokepast.es/ef9c13a734397b59,https://x.com/twilite0/status/2042496817670005188?s=46,twilite0
PC113,Maya Hoppins' Showdown Ladder (Bo1) Peak 1st Place Team,Maya Hoppins,Lopunny-Mega,Incineroar,Basculegion,Pelipper,Sinistcha,Archaludon,Lopunnite,Lum Berry,Mystic Water,Focus Sash,Sitrus Berry,Magnet,DRM5PQA3RA,10 Apr 2026,Showdown Ladder (Bo1),Peak 1st,https://pokepast.es/a81abbf4ab14e717,Discord Submission,Manual Entry
PC112,poke_mbasha's Floette Rain Team,poke_mbasha,Floette-Mega,Incineroar,Palafin,Pelipper,Sneasler,Sinistcha,Floettite,Lum Berry,Choice Scarf,Focus Sash,White Herb,Sitrus Berry,GV8P54358K,10 Apr 2026,-,,https://pokepast.es/b1003d3716de89e0,https://x.com/poke_mbasha/status/2042477488635593017?s=46,poke_mbasha
PC111,olivotec's Dragonite Machamp Team,olivotec,Dragonite-Mega,Arcanine,Machamp,Tyranitar,Whimsicott,Aggron,Dragoninite,Sitrus Berry,Lum Berry,Choice Scarf,Focus Sash,Quick Claw,None,10 Apr 2026,-,,https://pokepast.es/5983cb5dc0c8aee0,https://x.com/olivotec/status/2041956773884531141?s=46,olivotec
PC110,daikousin's Charizard-Y Maushold Team,daikousin,Charizard-Mega-Y,Incineroar,Basculegion,Maushold,Kingambit,Garchomp,Charizardite Y,Leftovers,Focus Sash,Bright Powder,Chople Berry,Sitrus Berry,HAGY46S97S,10 Apr 2026,-,,https://pokepast.es/edf7627304f9f12a,https://x.com/daikousin45/status/2042434287363113296?s=46,daikousin45
PC109,sempra's Ninopokebros Pokemon Champions First Tour Top 4 Team,Abdullah Mohayyuddin,Charizard-Mega-Y,Kangaskhan-Mega,Basculegion,Sneasler,Whimsicott,Farigiraf,Charizardite Y,Kangaskhanite,Choice Scarf,White Herb,Focus Sash,Sitrus Berry,QF1BB0GNGR,10 Apr 2026,Ninopokebros Pokemon Champions First Tour,3rd,https://pokepast.es/402438f1a58a26e4,https://x.com/semprq/status/2042402649379913739?s=46,semprq
PC108,maddyinaction's Froslass Snow Team,maddyinaction,Froslass-Mega,Arcanine-Hisui,Clefable,Sinistcha,Ninetales-Alola,Garchomp,Froslassite,Choice Scarf,Sitrus Berry,Leftovers,Focus Sash,Lum Berry,CHETHXC86Q,10 Apr 2026,-,,https://pokepast.es/b3e1beeec39a4ccc,https://x.com/maddyinaction/status/2042313755048976615?s=46,maddyinaction
PC107,Charlie Merriman's Froslass Mono Snow Team,Charlie Merriman,Froslass-Mega,Rotom-Frost,Glaceon,Mamoswine,Weavile,Ninetales-Alola,Froslassite,Choice Scarf,Bright Powder,Soft Sand,Focus Sash,Mental Herb,VNXMPM8GUA,10 Apr 2026,-,,https://pokepast.es/38ece1daaef4aa8d,https://x.com/chazingdra/status/2042316671646306516?s=46,chazingdra
PC106,jortchamp's Scovillian Kommo-o Team,jortchamp,Scovillain-Mega,Tyranitar-Mega,Rotom-Wash,Mamoswine,Corviknight,Kommo-o,Scovillainite,Tyranitarite,Choice Scarf,Focus Sash,Lum Berry,Leftovers,None,10 Apr 2026,-,,https://pokepast.es/8f20e43de7c35f78,https://x.com/jortchamp/status/2042346263782314029?s=46,jortchamp
PC105,pokefey's Torneo Salida Pokemon Champions Tour Champion Team,pokefey,Golurk-Mega,Incineroar,Torkoal,Venusaur,Sneasler,Farigiraf,Golurkite,Shuca Berry,Charcoal,Focus Sash,White Herb,Sitrus Berry,SPMJ8BQ863,10 Apr 2026,-Torneo Salida Pokemon Champions Tour,Champion,https://pokepast.es/44dace349421e14c,https://x.com/pokefey/status/2042357976741142644?s=46,pokefey
PC104,shinobuvgc's Hawlucha Vanilluxe Team,shinobuvgc,Hawlucha-Mega,Incineroar,Sneasler,Vanilluxe,Sinistcha,Dragapult,Hawluchanite,Sitrus Berry,Focus Sash,Choice Scarf,Leftovers,Yache Berry,0CAJQSERGL,10 Apr 2026,-,,https://pokepast.es/a666c40622515025,https://x.com/shinobuvgc/status/2042312398313570370?s=46,shinobuvgc
PC103,og_albina's Floette Aerodactyl Team,og_albina,Aerodactyl-Mega,Floette-Mega,Incineroar,Rotom-Wash,Sinistcha,Garchomp,Aerodactylite,Floettite,Sitrus Berry,Leftovers,Mental Herb,White Herb,U6U1MSAH6W,10 Apr 2026,-,,https://pokepast.es/e1757ce6403e3c0d,https://x.com/og_albina/status/2042312761074692402?s=46,og_albina
PC102,aki_cgv's Gyarados Floette Team,aki_cgv,Floette-Mega,Gyarados-Mega,Incineroar,Sneasler,Tyranitar,Sinistcha,Floettite,Gyaradosite,Shuca Berry,White Herb,Chople Berry,Sitrus Berry,FQR9C8D9HQ,10 Apr 2026,-,,https://pokepast.es/c374b9fa1b4c696b,https://x.com/aki_cgv/status/2042357414247170522?s=46,aki_cgv
PC101,bubblymarmar's Froslass Glaceon Team,bubblymarmar,Clefable-Mega,Froslass-Mega,Incineroar,Glaceon,Whimsicott,Kingambit,Clefablite,Froslassite,Chople Berry,Never-Melt Ice,Focus Sash,Black Glasses,9BMEQ048X1,10 Apr 2026,-,,https://pokepast.es/96e486fffbf259e3,https://x.com/bubblymarmar/status/2042324594183290963?s=46&t=WmXEnVa3rTSw0P9A0n6S3Q,bubblymarmar
PC100,ursakingvgc's Ninopokebros Pokemon Champions First Tour Champion Team,ursakingvgc,Delphox-Mega,Basculegion,Sneasler,Clefable,Kingambit,Dragonite,Delphoxite,Choice Scarf,Focus Sash,Sitrus Berry,Black Glasses,Lum Berry,71S9VTS8EN,10 Apr 2026,Ninopokebros Pokemon Champions First Tour,Champion,https://pokepast.es/bfcfc47093e5ed1b,https://x.com/ursakingvgc/status/2042323507812388996?s=46&t=WmXEnVa3rTSw0P9A0n6S3Q,ursakingvgc
PC99,MrPotrol's Gengar Sand Team,MrPotrol,Gengar-Mega,Incineroar,Excadrill,Tyranitar,Sinistcha,Kommo-o,Gengarite,Chople Berry,Focus Sash,Choice Scarf,Sitrus Berry,Leftovers,6SMN8F95X5,10 Apr 2026,-,,https://pokepast.es/02d682dd3305ddd5,https://x.com/MrPotrol/status/2042274797091016761?s=20,MrPotrol
PC98,PokeAlex's Venusaur Dragonite Team,Alex Gómez,Dragonite-Mega,Venusaur-Mega,Incineroar,Basculegion,Sneasler,Kingambit,Dragoninite,Venusaurite,Lum Berry,Choice Scarf,Focus Sash,Chople Berry,19JJEUQVPW,10 Apr 2026,-,,https://pokepast.es/6f2f9887a5453656,https://x.com/PokeAlex_/status/2042292842979106940?s=20,PokeAlex_
PC97,Riopaser's Charizard-Y Corviknight Team,Eric Ríos,Charizard-Mega-Y,Incineroar,Rotom-Wash,Venusaur,Corviknight,Garchomp,Charizardite Y,Shuca Berry,Sitrus Berry,Focus Sash,Leftovers,Choice Scarf,JYVH6YJ058,10 Apr 2026,-,,https://pokepast.es/b5cbcbb333332eec,https://x.com/riopaser/status/2042295635890544952?s=20,riopaser
PC96,zeen's Floette Delphox Team,Shohei Kimura,Delphox-Mega,Floette-Mega,Incineroar,Sneasler,Kingambit,Garchomp,Delphoxite,Floettite,Leftovers,White Herb,Chople Berry,Sitrus Berry,QP0J1YCP2V,10 Apr 2026,-,,https://pokepast.es/49b82822e2b0b152,https://x.com/zeen172M/status/2042297497595625655?s=20,zeen172M
PC95,bsmiffy's Floette Corviknight Team,Brady Smith,Floette-Mega,Talonflame,Glimmora,Maushold,Corviknight,Garchomp,Floettite,Sharp Beak,Focus Sash,Sitrus Berry,Leftovers,White Herb,B3906U4L2V,10 Apr 2026,-,,https://pokepast.es/fec893ba7047309c,https://x.com/vgccorner/status/2042293847749792116?s=20,vgccorner
PC94,i's Froslass Glimmora Team,i,Froslass-Mega,Glimmora-Mega,Incineroar,Sneasler,Whimsicott,Dragapult,Froslassite,Glimmoranite,Sitrus Berry,White Herb,Focus Sash,Dragon Fang,UC0EQMK281,10 Apr 2026,-,,https://pokepast.es/08be210ac8383c5b,https://x.com/i/status/2042268991729623543,i
PC93,johnnychiou36's Charizard-Y HTR Team,johnnychiou36,Charizard-Mega-Y,Incineroar,Torkoal,Farigiraf,Kingambit,Hatterene,Charizardite Y,Shuca Berry,Charcoal,Sitrus Berry,Black Glasses,Fairy Feather,ULUG3FD87Y,10 Apr 2026,-,,https://pokepast.es/1590eaf3b449c566,https://x.com/johnnychiou36/status/2041980473635958803?s=46&t=WmXEnVa3rTSw0P9A0n6S3Q,johnnychiou36
PC92,Kinugawa's Floette Scizor Team,Yuma Kinugawa,Floette-Mega,Incineroar,Basculegion,Sneasler,Scizor,Dragonite,Floettite,Sitrus Berry,Choice Scarf,Focus Sash,Metal Coat,White Herb,3KCG8TMGM6,10 Apr 2026,Video,,https://pokepast.es/7c7a4369d95a0ba4,https://x.com/kinurincipall/status/2042276761480892825?s=46,kinurincipall
PC91,Emir's Froslass Garchomp Team,Emir Abdulovski,Froslass-Mega,Garchomp-Mega,Arcanine-Hisui,Rotom-Wash,Glaceon,Whimsicott,Froslassite,Garchompite,White Herb,Sitrus Berry,Never-Melt Ice,Focus Sash,M30U25MF9W,10 Apr 2026,-,,https://pokepast.es/a9ee109f8393351c,https://x.com/emirnent/status/2042274352335298863?s=46&t=WmXEnVa3rTSw0P9A0n6S3Q,emirnent
PC90,Tsuyu's Froslass Whimsicott Team,Seowon Kim,Froslass-Mega,Arcanine-Hisui,Rotom-Wash,Sneasler,Whimsicott,Garchomp,Froslassite,King's Rock,Leftovers,White Herb,Focus Sash,Choice Scarf,7669N934S8,10 Apr 2026,-,,https://pokepast.es/57942483669b4ef2,https://x.com/tsuyuvgc/status/2042262711325884681?s=20,tsuyuvgc
PC89,Whitezero2000's Hawlucha Excadrill Team,Pai Yu-Ping,Hawlucha-Mega,Tyranitar-Mega,Primarina,Excadrill,Zoroark-Hisui,Garchomp,Hawluchanite,Tyranitarite,Leftovers,Focus Sash,Choice Scarf,Bright Powder,QJK210P4BN,10 Apr 2026,-,,https://pokepast.es/f7f075b7aa0fbd1b,https://x.com/Whitezero2000/status/2042258514031362397?s=20,Whitezero2000
PC88,KitWiller's Delphox Balance Team,Daniel Pioppi,Delphox-Mega,Basculegion,Sneasler,Clefable,Kingambit,Dragonite,Delphoxite,Choice Scarf,Focus Sash,Sitrus Berry,Chople Berry,Lum Berry,W6F02LBU3N,10 Apr 2026,-,,https://pokepast.es/59dbdf9100f4bf1b,https://x.com/KitWillerVGC/status/2042263606339756537?s=20,KitWillerVGC
PC87,Kaguya's Meganium Crabominable Team,Blake Falls,Crabominable-Mega,Meganium-Mega,Incineroar,Basculegion,Aerodactyl,Farigiraf,Crabominite,Meganiumite,Sitrus Berry,Choice Scarf,Focus Sash,Colbur Berry,E9C9KKUM7S,10 Apr 2026,-,,https://pokepast.es/0d6b63b6d76c63f4,https://x.com/KaguyaFalls/status/2042278105763455362?s=20,KaguyaFalls
PC86,biko09's Charizard-Y Gengar Team,biko09,Charizard-Mega-Y,Gengar-Mega,Sneasler,Maushold,Kingambit,Garchomp,Charizardite Y,Gengarite,Focus Sash,Chople Berry,Black Glasses,Choice Scarf,4K9MTFGRM2,10 Apr 2026,-,,https://pokepast.es/4deec0f15d3f3a25,https://x.com/biko09/status/2042237859843764257?s=46&t=WmXEnVa3rTSw0P9A0n6S3Q,biko09
PC85,anivgc's Glimmora HO Team,anivgc,Glimmora-Mega,Incineroar,Talonflame,Sinistcha,Gardevoir,Garchomp,Glimmoranite,Sitrus Berry,Sharp Beak,Mental Herb,Choice Scarf,White Herb,JT8V1HKG93,10 Apr 2026,-,,https://pokepast.es/90115341f30fd4d3,https://x.com/anivgc/status/2042125795263418880?s=46,anivgc
PC84,LegnaK's Camrupt Aggron Team,Timothy Hardin,Aggron-Mega,Camerupt-Mega,Starmie-Mega,Araquanid,Pelipper,Farigiraf,Aggronite,Cameruptite,Starminite,Mystic Water,Focus Sash,Mental Herb,RTS2DT6U43,10 Apr 2026,-,,https://pokepast.es/a22ad874febccd0c,https://x.com/l_krad/status/2041984763020316841?s=46&t=WmXEnVa3rTSw0P9A0n6S3Q,l_krad
PC83,Xeminan's Gyarados Raichu Team,Joe Brown,Gyarados-Mega,Arcanine,Raichu,Sinistcha,Kingambit,Dragapult,Gyaradosite,Sitrus Berry,Focus Sash,Leftovers,Black Glasses,White Herb,UJPTLKCU9V,10 Apr 2026,-,,https://pokepast.es/31b63bd1eb7489e1,https://x.com/xeminan/status/2042275274339860532?s=46&t=WmXEnVa3rTSw0P9A0n6S3Q,xeminan
PC82,cantfly's Charizard-Y Aerodactyl Team,Yuma Miyamoto,Aerodactyl-Mega,Charizard-Mega-Y,Incineroar,Sneasler,Sinistcha,Kommo-o,Aerodactylite,Charizardite Y,Chople Berry,White Herb,Kasib Berry,Sitrus Berry,VTRVW3P96G,10 Apr 2026,-,,https://pokepast.es/cce6c3db96c6f0a9,https://x.com/cantfly_ss/status/2042246912699756864?s=46&t=WmXEnVa3rTSw0P9A0n6S3Q,cantfly_ss
PC81,c_ragone's Froslass Dragonite Team,Carmine Ragone,Dragonite-Mega,Froslass-Mega,Volcarona,Whimsicott,Corviknight,Garchomp,Dragoninite,Froslassite,Sitrus Berry,Focus Sash,Leftovers,White Herb,RRCFV01UMR,10 Apr 2026,-,,https://pokepast.es/0f9bbc64d04aeb94,https://x.com/c_ragone/status/2042230998419562932?s=46&t=WmXEnVa3rTSw0P9A0n6S3Q,c_ragone
PC80,M. Khoa Nguyen's Gardevoir Lucario Team,M. Khoa Nguyen,Gardevoir-Mega,Lucario-Mega,Talonflame,Milotic,Meowscarada,Garchomp,Gardevoirite,Lucarionite,Sharp Beak,Leftovers,Focus Sash,Soft Sand,A45GB8L86M,10 Apr 2026,-,,https://pokepast.es/4dbe7ef39a32dc84,https://x.com/yukinakafuyu/status/2042097655191629969?s=46&t=WmXEnVa3rTSw0P9A0n6S3Q,yukinakafuyu
PC79,barudoru's Starmie Kingambit Team,Ryota Otsubo,Starmie-Mega,Incineroar,Sneasler,Sinistcha,Kingambit,Sylveon,Starminite,Sitrus Berry,Focus Sash,Leftovers,Chople Berry,Fairy Feather,EY8QMU0H26,9 Apr 2026,-,,https://pokepast.es/90d7bbca27d03b96,https://x.com/barudoru/status/2042246450101584319?s=46,barudoru
PC78,WoodTofu's Froslass Dragonite Team,WoodTofu,Dragonite-Mega,Froslass-Mega,Sneasler,Maushold,Kingambit,Sylveon,Dragoninite,Froslassite,Focus Sash,Sitrus Berry,Black Glasses,Fairy Feather,KCE6LR37SF,9 Apr 2026,-,,https://pokepast.es/96b69e191c270fb0,https://x.com/woodtofuvgc/status/2042246934451343532?s=46,woodtofuvgc
PC77,starfish0206's Floette Maushold Team,starfish0206,Floette-Mega,Talonflame,Rotom-Wash,Sneasler,Maushold,Garchomp,Floettite,Sharp Beak,Sitrus Berry,White Herb,Focus Sash,Choice Scarf,PU83M1D2DE,9 Apr 2026,-,,https://pokepast.es/dde36f551052b3aa,https://x.com/starfish0206/status/2042231132981527025?s=46,starfish0206
PC76,soulkw's Froslass Garchomp Team,soulkw,Froslass-Mega,Talonflame,Gyarados,Meowscarada,Kingambit,Garchomp,Froslassite,Focus Sash,Lum Berry,Choice Scarf,Occa Berry,Yache Berry,NKQC2WXFFF,9 Apr 2026,Video,,https://pokepast.es/4d118af012700a8e,Discord Submission,Manual Entry
PC75,pokedansong's Charizard-Y Dragapult Team,Daniel Song,Charizard-Mega-Y,Gyarados,Sneasler,Whimsicott,Kingambit,Dragapult,Charizardite Y,Sitrus Berry,White Herb,Mental Herb,Black Glasses,Lum Berry,None,9 Apr 2026,-,,https://pokepast.es/63e4700fa28cfba6,https://x.com/pokedansong/status/2042119796339449923?s=46,pokedansong
PC74,SableyeVGC's Ninopokebros Pokemon Champions First Tour Top 64 Team,Ryan Loseto,Gengar-Mega,Rotom-Heat,Gyarados,Conkeldurr,Kingambit,Garchomp,Gengarite,Choice Scarf,Leftovers,Sitrus Berry,Black Glasses,Lum Berry,BGRW00PJVG,9 Apr 2026,Ninopokebros Pokemon Champions First Tour,Top 64,https://pokepast.es/c6e7ad38536330de,https://x.com/SableyeVGC/status/2042233570501021767?s=20,SableyeVGC
PC73,Mag_paradoxpoke's Floette Dragonite Team,Mag_paradoxpoke,Floette-Mega,Incineroar,Basculegion,Sinistcha,Kingambit,Dragonite,Floettite,Sitrus Berry,Focus Sash,Leftovers,Chople Berry,White Herb,6YNSBUNUGB,9 Apr 2026,-,,https://pokepast.es/3fbb6868729fce0e,https://x.com/Mag_paradoxpoke/status/2042139722332697080?s=20,Mag_paradoxpoke
PC72,Heavy_Bubbles' Blastoise Tyranitar Team,Heavy_Bubbles,Blastoise-Mega,Tyranitar-Mega,Incineroar,Maushold,Sinistcha,Sylveon,Blastoisinite,Tyranitarite,Shuca Berry,Chople Berry,Sitrus Berry,Fairy Feather,L4RYGD9JSF,9 Apr 2026,-,,https://pokepast.es/334fd4744039f72a,https://x.com/Heavy_Bubbles/status/2042228060402184697?s=20,Heavy_Bubbles
PC71,itsmakovgc's Charizard-Y Milotic Team,itsmakovgc,Charizard-Mega-Y,Incineroar,Milotic,Venusaur,Gardevoir,Garchomp,Charizardite Y,Sitrus Berry,Leftovers,Focus Sash,Choice Scarf,Yache Berry,None,9 Apr 2026,-,,https://pokepast.es/29d99138c43b5eff,https://x.com/itsmakovgc/status/2041860779654197692,itsmakovgc
PC70,Yunittoyuni's Floette Aegislash Team,Yuma Suzuki,Floette-Mega,Talonflame,Rotom-Wash,Maushold,Aegislash,Garchomp,Floettite,No Item,Sitrus Berry,Focus Sash,Spell Tag,Soft Sand,FWQTN3WTFF,9 Apr 2026,-,,https://pokepast.es/861e1cb473a4f94f,https://x.com/Yunittoyuni/status/2042161683700056215?s=20,Yunittoyuni
PC69,WayneYu's Starmie Decidueye Team,Wayne Yu,Dragonite-Mega,Starmie-Mega,Basculegion,Pelipper,Decidueye-Hisui,Orthworm,Dragoninite,Starminite,Mystic Water,Focus Sash,Scope Lens,Sitrus Berry,XWNEYTH6QG,9 Apr 2026,-,,https://pokepast.es/5c05301967a2b8ff,https://x.com/yuwaynezobel/status/2042198458053140539?s=46,yuwaynezobel
PC68,ChyrWill's Floette Balance Team,Chyr Wei,Floette-Mega,Incineroar,Aerodactyl,Sneasler,Sinistcha,Kingambit,Floettite,Chople Berry,Focus Sash,White Herb,Sitrus Berry,Shuca Berry,ARQ7Q9LK1Q,9 Apr 2026,-,,https://pokepast.es/342cd880c428bad8,https://x.com/chyrwill/status/2042206855745941815?s=46,chyrwill
PC67,dodoriosiriru's Drampa Mimikyu Team,Hijito Kihara,Drampa-Mega,Incineroar,Torkoal,Primarina,Mudsdale,Mimikyu,Drampanite,Sitrus Berry,Charcoal,Mystic Water,Soft Sand,Mental Herb,W6YUYC9B6M,9 Apr 2026,-,,https://pokepast.es/f6b20056ee08eff1,https://x.com/dodoriosiriru/status/2042176623433392255?s=46,dodoriosiriru
PC66,spits25's Glimmora Meowscarada Team,spits25,Glimmora-Mega,Talonflame,Rotom-Wash,Meowscarada,Gardevoir,Garchomp,Glimmoranite,Sharp Beak,Magnet,Focus Sash,Choice Scarf,Lum Berry,A9PQR20UR0,9 Apr 2026,-,,https://pokepast.es/4cfa8b9fbb4e4dac,https://x.com/spits25/status/2042069267223605425?s=46,spits25
PC65,paparuo193's Charizard-Y Arcanine Team,paparuo193,Charizard-Mega-Y,Arcanine-Hisui,Incineroar,Venusaur,Whimsicott,Hydreigon,Charizardite Y,Charcoal,Sitrus Berry,Occa Berry,Focus Sash,Roseli Berry,None,9 Apr 2026,-,,https://pokepast.es/9bc4c08352b26e5c,https://x.com/paparuo193/status/2041892167871033793?s=46,paparuo193
PC64,chrome's Gengar Tyranitar Team,chrome,Gengar-Mega,Incineroar,Rotom-Wash,Sneasler,Tyranitar,Corviknight,Gengarite,Shuca Berry,Sitrus Berry,White Herb,Choice Scarf,Sharp Beak,GCB13UQK68,9 Apr 2026,-,,https://pokepast.es/4415ef78526efe00,https://x.com/chrome_pokemon/status/2042079776324907125?s=46,chrome_pokemon
PC63,ChessBoard's Ninopokebros Pokemon Champions First Tour Top 16 Team,Mason Cutler,Floette-Mega,Typhlosion-Hisui,Tsareena,Tyranitar,Whimsicott,Garchomp,Floettite,Choice Scarf,Black Belt,Chople Berry,Focus Sash,Roseli Berry,CGGR1V8RAJ,9 Apr 2026,Ninopokebros Pokemon Champions First Tour,Top 16,https://pokepast.es/b361b755e6ee4071,https://x.com/chessboard__/status/2042116782308069829?s=46,chessboard__
PC62,yotsu_sanzaiman's Froslass Typhlosion Team,yotsu_sanzaiman,Froslass-Mega,Talonflame,Typhlosion-Hisui,Sneasler,Farigiraf,Garchomp,Froslassite,Sharp Beak,Choice Scarf,Focus Sash,Sitrus Berry,Soft Sand,UV7SH8888S,9 Apr 2026,-,,https://pokepast.es/34ed2fad303b791b,https://x.com/yotsu_sanzaiman/status/2042095112050897159?s=46,yotsu_sanzaiman
PC61,Ryoma's Tyranitar Gardevoir Team,Ryoma Okamoto,Gardevoir-Mega,Tyranitar-Mega,Rotom-Heat,Gyarados,Excadrill,Sinistcha,Gardevoirite,Tyranitarite,Choice Scarf,Leftovers,Focus Sash,Sitrus Berry,PA18XF9ESA,9 Apr 2026,-,,https://pokepast.es/aa0df0ddf0d3ff10,https://x.com/ryoma9901_poke/status/2042155769035153744?s=46,ryoma9901_poke
PC60,0516edward's Charizard-Y Whimsicott Team,0516edward,Charizard-Mega-Y,Sneasler,Whimsicott,Farigiraf,Kingambit,Garchomp,Charizardite Y,White Herb,Focus Sash,Sitrus Berry,Black Glasses,Choice Scarf,3FEVNLETH3,9 Apr 2026,-,,https://pokepast.es/e4c2c74bb251c4c4,https://x.com/0516edward/status/2042158022286594245?s=46,0516edward
PC59,SparK's Glimmora Araquanid Team,SparK,Glimmora-Mega,Talonflame,Araquanid,Sneasler,Sinistcha,Goodra-Hisui,Glimmoranite,Focus Sash,Mystic Water,White Herb,Sitrus Berry,Leftovers,None,9 Apr 2026,-,,https://pokepast.es/243aa57629cd087d,Discord Submission,Manual Entry
PC58,chori_002's Charizard-Y Typhlosion Team,chori_002,Charizard-Mega-Y,Tauros-Paldea-Blaze,Typhlosion-Hisui,Greninja,Whimsicott,Kingambit,Charizardite Y,White Herb,Choice Scarf,Mystic Water,Focus Sash,Black Glasses,ALPW4XDVN6,9 Apr 2026,-,,https://pokepast.es/c56fb9a215d05d49,https://x.com/chori_002/status/2042105860751827336?s=46,chori_002
PC57,db_jecheonjo's Alakazam Snorlax Team,db_jecheonjo,Alakazam-Mega,Incineroar,Pelipper,Sneasler,Snorlax,Sinistcha,Alakazite,Passho Berry,Choice Scarf,Focus Sash,Leftovers,Colbur Berry,BCTX0AAH16,9 Apr 2026,-,,https://pokepast.es/6937a1c50640c0cb,https://x.com/db_jecheonjo/status/2042139863773016472?s=46&t=WmXEnVa3rTSw0P9A0n6S3Q,db_jecheonjo
PC56,Avalos_VGC's Gengar Rain Team,Avalos_VGC,Gengar-Mega,Incineroar,Basculegion,Politoed,Sneasler,Whimsicott,Gengarite,Sitrus Berry,Mystic Water,Leftovers,White Herb,Focus Sash,NGGG98U38U,9 Apr 2026,-,,https://pokepast.es/6415201fde475180,https://x.com/Avalos_VGC/status/2042146932743692518?s=20,Avalos_VGC
PC55,ireedminds' Gengar Rain Team,ireedminds,Gengar-Mega,Basculegion,Pelipper,Sneasler,Sinistcha,Archaludon,Gengarite,Mystic Water,Focus Sash,White Herb,Sitrus Berry,Leftovers,None,9 Apr 2026,-,,https://pokepast.es/d3a2bcf9028ff452,https://x.com/ireedminds/status/2042125328659677640?s=46&t=WmXEnVa3rTSw0P9A0n6S3Q,ireedminds
PC54,luixens' Froslass Altaria Team,luixens,Froslass-Mega,Incineroar,Milotic,Meowscarada,Altaria,Garchomp,Froslassite,Sitrus Berry,Leftovers,Focus Sash,King's Rock,Choice Scarf,WSSD25342V,9 Apr 2026,-,,https://pokepast.es/95003e747868e30b,https://x.com/luixens/status/2041966200834367943?s=46,luixens
PC53,Mattia's Charizard-Y Hydreigon Team,Mattia,Charizard-Mega-Y,Incineroar,Venusaur,Sneasler,Whimsicott,Hydreigon,Charizardite Y,Sitrus Berry,Focus Sash,White Herb,Occa Berry,Choice Scarf,GLYXPJELWF,8 Apr 2026,-,,https://pokepast.es/5b33b81bb8fd6380,https://x.com/mattyivgc/status/2042100357635981327?s=46,mattyivgc
PC52,shuuka_poke's Charizard-Y Whimsicott Team,shuuka_poke,Charizard-Mega-Y,Incineroar,Rotom-Wash,Sneasler,Whimsicott,Garchomp,Charizardite Y,Sitrus Berry,Leftovers,White Herb,Focus Sash,Choice Scarf,FSQRTQKDY2,8 Apr 2026,-,,https://pokepast.es/678854831face3cf,https://x.com/shuuka_poke/status/2042105670649225511?s=20,shuuka_poke
PC51,KaizenUY's Kangaskhan Milotic Team,KaizenUY,Kangaskhan-Mega,Talonflame,Milotic,Scizor,Gardevoir,Garchomp,Kangaskhanite,Sharp Beak,Sitrus Berry,Metal Coat,Choice Scarf,White Herb,6DEV39EQAP,8 Apr 2026,-,,https://pokepast.es/d2a99ad89e29efad,https://x.com/KaizenVGC_UY/status/2042042452458995826,KaizenVGC_UY
PC50,AtmsLove's Charizard-Y Dragapult Team,AtmsLove,Charizard-Mega-Y,Incineroar,Mamoswine,Whimsicott,Archaludon,Dragapult,Charizardite Y,Sitrus Berry,Soft Sand,Focus Sash,Leftovers,Focus Band,RRDXBH6NH8,8 Apr 2026,-,,https://pokepast.es/b0a22d3e55b19e68,https://x.com/AtmsLove/status/2041780043073122661,AtmsLove
PC49,Michael's Delphox Tsareena Team,Michael Zhang,Delphox-Mega,Talonflame,Gyarados,Tsareena,Scizor,Garchomp,Delphoxite,Sharp Beak,Leftovers,Sitrus Berry,Metal Coat,White Herb,043XALJ9UB,8 Apr 2026,-,,https://pokepast.es/af7cfeb07b64c06d,https://x.com/eternalsnowman/status/2042080310016545076?s=46,eternalsnowman
PC48,sasisu's Kangaskhan Kommo-o Team,Mao Harada,Kangaskhan-Mega,Incineroar,Volcarona,Milotic,Sinistcha,Kommo-o,Kangaskhanite,Chople Berry,Charti Berry,Lum Berry,Sitrus Berry,Leftovers,U5PF6URV05,8 Apr 2026,-,,https://pokepast.es/ee54189bc5fef0e7,https://x.com/sasisu_memo/status/2042154004130750854?s=20,sasisu_memo
PC47,daikousin's Charizard-Y Garchomp Team,daikousin,Charizard-Mega-Y,Basculegion,Sneasler,Whimsicott,Gardevoir,Garchomp,Charizardite Y,Focus Sash,White Herb,Mental Herb,Sitrus Berry,Choice Scarf,579P9SJTCF,8 Apr 2026,-,,https://pokepast.es/e719505bd0ee64ca,https://x.com/daikousin45/status/2042071892690084066?s=46,daikousin45
PC46,Bruneaux's Orthworm Raichu Team,Matt Bruno,Gyarados,Raichu,Whimsicott,Orthworm,Gardevoir,Garchomp,Lum Berry,Focus Sash,Leftovers,Sitrus Berry,Choice Scarf,White Herb,3C91TBMG5E,8 Apr 2026,Video,,https://pokepast.es/2a1f5330dd8c5c1a,https://x.com/bruneaux/status/2041895889094984135?s=46,bruneaux
PC45,EldritchEm's Gardevoir Arcanine Team,EldritchEm,Gardevoir-Mega,Arcanine-Hisui,Basculegion,Whimsicott,Kingambit,Ninetales-Alola,Gardevoirite,White Herb,Choice Scarf,Focus Sash,Leftovers,Sitrus Berry,24N6994PVH,8 Apr 2026,-,,https://pokepast.es/4ae1cebfae5717a7,https://x.com/EldritchEmma/status/2041981639127900197?s=20,EldritchEmma
PC44,Osirus' Tyranitar Sneasler Team,Lee Provost,Tyranitar-Mega,Incineroar,Rotom-Wash,Excadrill,Sneasler,Corviknight,Tyranitarite,Shuca Berry,Sitrus Berry,Focus Sash,White Herb,Leftovers,1F9HKRRBX5,8 Apr 2026,-,,https://pokepast.es/d0d6945857b3225c,https://x.com/osirusvgc/status/2042037634432655543?s=20,osirusvgc
PC43,Kanzaki's Tyranitar Delphox Team,Tatsuki Wakita,Delphox-Mega,Tyranitar-Mega,Milotic,Excadrill,Sinistcha,Sylveon,Delphoxite,Tyranitarite,Leftovers,Choice Scarf,Sitrus Berry,Fairy Feather,L064T24LQD,8 Apr 2026,-,,https://pokepast.es/5192b490a9d0b9ad,https://x.com/Kanzaki_poke/status/2041880919058084174?s=20,Kanzaki_poke
PC42,migawari's Gengar Chesnaught Team,migawari,Chesnaught-Mega,Gengar-Mega,Incineroar,Volcarona,Sylveon,Dragonite,Chesnaughtite,Gengarite,Sitrus Berry,Charti Berry,Fairy Feather,Dragon Fang,NGJK1XGDL3,8 Apr 2026,-,,https://pokepast.es/6c6bd18f732dd625,https://x.com/migawari3/status/2041943909862142015?s=20,migawari3
PC41,Gawhota's Tyranitar Charizard-Y Team,Shu Suezaki,Charizard-Mega-Y,Tyranitar-Mega,Incineroar,Rotom-Wash,Whimsicott,Garchomp,Charizardite Y,Tyranitarite,Chople Berry,Choice Scarf,Fairy Feather,White Herb,HQY13MB8W2,8 Apr 2026,-,,https://pokepast.es/6dbb62246fdfabd5,https://x.com/Gawhota/status/2041933472064008604?s=20,Gawhota
PC40,AGNI's Glimmora Decidueye-Hisui Team,AGNI,Glimmora-Mega,Talonflame,Basculegion,Decidueye-Hisui,Farigiraf,Garchomp,Glimmoranite,Sharp Beak,Choice Scarf,Scope Lens,Sitrus Berry,Lum Berry,2MEP9XXRGM,8 Apr 2026,-,,https://pokepast.es/fbef06931d2e689b,https://x.com/agnivgc/status/2042079838346080562?s=46,agnivgc
PC39,Yunittoyuni's Froslass Rotom-Frost Team,Yuma Suzuki,Froslass-Mega,Incineroar,Empoleon,Rotom-Frost,Kingambit,Garchomp,Froslassite,Sitrus Berry,Leftovers,Choice Scarf,Focus Sash,White Herb,NKKA1P7HAR,8 Apr 2026,-,,https://pokepast.es/117ae4733a57dc9f,https://x.com/Yunittoyuni/status/2041906780943589607?s=20,Yunittoyuni
PC38,WDMichael's Golurk Trick Room Team,WDMichael,Golurk-Mega,Torkoal,Clefable,Oranguru,Hatterene,Hydreigon,Golurkite,Charcoal,Focus Sash,Mental Herb,Fairy Feather,Choice Scarf,HH3MF048VV,8 Apr 2026,-,,https://pokepast.es/3c9296a37a47bbd8,https://x.com/Its_WDMichael/status/2041997744106033228?s=20,Its_WDMichael
PC37,JMOdri's Gardevoir Aegislash Team,Juan Manuel Odriozola,Gardevoir-Mega,Incineroar,Tauros-Paldea-Aqua,Vivillon,Aegislash,Hydreigon,Gardevoirite,Sitrus Berry,Mystic Water,Focus Sash,White Herb,Lum Berry,None,8 Apr 2026,-,,https://pokepast.es/7e0e118ebba4b4d5,https://x.com/JMOdriVGC/status/2042016729480478767?s=20,JMOdriVGC
PC36,starfish0206's Gardevoir Rain Team,starfish0206,Gardevoir-Mega,Basculegion,Pelipper,Sneasler,Sinistcha,Archaludon,Gardevoirite,Mystic Water,Focus Sash,White Herb,Sitrus Berry,Chople Berry,G9PKNSAWMC,8 Apr 2026,-,,https://pokepast.es/7d6376d18a771f84,https://x.com/starfish0206/status/2041919344767287584?s=20,starfish0206
PC35,Riopaser's Starmie Dragonite Team,Eric Ríos,Dragonite-Mega,Starmie-Mega,Pelipper,Sneasler,Sinistcha,Kingambit,Dragoninite,Starminite,Choice Scarf,Focus Sash,Sitrus Berry,Chople Berry,WCB10JDC3M,8 Apr 2026,-,,https://pokepast.es/b4e6c8c7defc278f,https://x.com/riopaser/status/2041995150876889343?s=20,riopaser
PC34,DDee's Gengar Sneasler Team,Michael Uko,Gengar-Mega,Incineroar,Rotom-Wash,Sneasler,Whimsicott,Dragonite,Gengarite,Charti Berry,Sitrus Berry,White Herb,Focus Sash,Dragon Fang,S5WSGJ449Y,8 Apr 2026,-,,https://pokepast.es/9257d9ace82ca524,https://x.com/ddee_ssbu/status/2042041242981159074?s=20,ddee_ssbu
PC33,xx_z2z's Floette Gyarados Team,xx_z2z,Floette-Mega,Gyarados-Mega,Incineroar,Sneasler,Tyranitar,Aegislash,Floettite,Gyaradosite,Sitrus Berry,Focus Sash,Lum Berry,Leftovers,D1NM3GV4VU,8 Apr 2026,-,,https://pokepast.es/57d01c2afc82f93f,https://x.com/xx_z2z/status/2042008064661057966?s=20,xx_z2z
PC32,cantfly's Charizard-Y Gengar Team,Yuma Miyamoto,Charizard-Mega-Y,Gengar-Mega,Incineroar,Rotom-Wash,Maushold,Kingambit,Charizardite Y,Gengarite,Chople Berry,Sitrus Berry,Focus Sash,Black Glasses,QG25933G2V,8 Apr 2026,-,,https://pokepast.es/4b318f785bc4864a,https://x.com/cantfly_ss/status/2041979110558462210?s=46,cantfly_ss
PC31,UB_SLOW's Gengar Kommo-o Team,Kaito Arii,Gengar-Mega,Incineroar,Tyranitar,Sinistcha,Kingambit,Kommo-o,Gengarite,Shuca Berry,Choice Scarf,Sitrus Berry,Chople Berry,Leftovers,FNWB95NJDH,8 Apr 2026,-,,https://pokepast.es/50c3bdabb5fe8186,https://x.com/ub_slow/status/2041887487271059457?s=46,ub_slow
PC30,Kokoro's Aerodactyl Chandelure Team,Bingjie Wang,Aerodactyl-Mega,Basculegion,Conkeldurr,Clefable,Chandelure,Kingambit,Aerodactylite,White Herb,Black Belt,Sitrus Berry,Focus Sash,Black Glasses,C55QJVFDHU,8 Apr 2026,-,,https://pokepast.es/47a4a221b0951f16,https://x.com/aotobj98/status/2041948092128497962?s=20,aotobj98
PC29,soulkw's Glimmora Corviknight Team,soulkw,Glimmora-Mega,Milotic,Tyranitar,Sinistcha,Corviknight,Dragonite,Glimmoranite,Lum Berry,Chople Berry,Sitrus Berry,Leftovers,Mental Herb,903QC2S03R,8 Apr 2026,Video,,https://pokepast.es/1cc9a06ce9238dd9,Discord Submission,Manual Entry
PC28,alcana's Charizard-Y Kingambit Team,Kiwamu Endo,Charizard-Mega-Y,Incineroar,Gyarados,Venusaur,Kingambit,Garchomp,Charizardite Y,Sitrus Berry,Lum Berry,Focus Sash,Black Glasses,Choice Scarf,DMFYGFVFG2,8 Apr 2026,-,,https://pokepast.es/afb6d3030eceb66b,https://x.com/alcana_10906/status/2041897343533175261?s=46&t=WmXEnVa3rTSw0P9A0n6S3Q,alcana_10906
PC27,Ryoma's Charizard-Y Meowscarada Team,Ryoma Okamoto,Charizard-Mega-Y,Incineroar,Meowscarada,Whimsicott,Kingambit,Garchomp,Charizardite Y,Sitrus Berry,Focus Sash,Mental Herb,Occa Berry,Choice Scarf,LSH05DG4DD,8 Apr 2026,-,,https://pokepast.es/27875ee6d9d307bd,https://x.com/ryoma9901_poke/status/2041894801034113322?s=46&t=WmXEnVa3rTSw0P9A0n6S3Q,ryoma9901_poke
PC26,Ak's Tyranitar Excadrill Team,Ak,Tyranitar-Mega,Rotom-Heat,Gyarados,Excadrill,Sinistcha,Corviknight,Tyranitarite,Quick Claw,Lum Berry,Focus Sash,Sitrus Berry,Leftovers,SWJJJ2QTBE,8 Apr 2026,-,,https://pokepast.es/fd4d8fe3faf48088,https://x.com/xenotrails/status/2041851423160148011?s=46&t=WmXEnVa3rTSw0P9A0n6S3Q,xenotrails
PC25,gahaku's Floette Tyranitar Team,Masahiro Ito,Floette-Mega,Tyranitar-Mega,Incineroar,Excadrill,Sableye,Sinistcha,Floettite,Tyranitarite,Sitrus Berry,White Herb,Roseli Berry,Leftovers,456F1HK40C,8 Apr 2026,-,,https://pokepast.es/65b7228ad81523a5,https://x.com/gahaku_poke/status/2041880067425673607?s=46&t=WmXEnVa3rTSw0P9A0n6S3Q,gahaku_poke
PC24,Gardevoir_3710's Gardevoir Charizard-Y Team,Gardevoir_3710,Charizard-Mega-Y,Gardevoir-Mega,Incineroar,Aerodactyl,Sinistcha,Garchomp,Charizardite Y,Gardevoirite,Lum Berry,Focus Sash,Sitrus Berry,White Herb,YLWNRUGT1W,8 Apr 2026,-,,https://pokepast.es/ac6bf5293fe0b45b,https://x.com/gardevoir_3710/status/2041868371705405574?s=46&t=WmXEnVa3rTSw0P9A0n6S3Q,gardevoir_3710
PC23,kurbito's Floette Gyarados Team,kurbito,Floette-Mega,Gyarados-Mega,Rotom-Wash,Sneasler,Tyranitar,Maushold,Floettite,Gyaradosite,Sitrus Berry,White Herb,Focus Sash,Occa Berry,USPG0CRAAG,8 Apr 2026,-,,https://pokepast.es/ca9b06a83cf2debb,https://x.com/kurbitoo/status/2041881706416803922?s=46&t=WmXEnVa3rTSw0P9A0n6S3Q,kurbitoo
PC22,TheXich's Gengar Politoed Team,Joaquín Blanch,Gengar-Mega,Incineroar,Politoed,Aerodactyl,Sneasler,Garchomp,Gengarite,Shuca Berry,Leftovers,Focus Sash,White Herb,Choice Scarf,CNEQN25P6T,8 Apr 2026,-,,https://pokepast.es/f61e5288d2aa5eac,https://x.com/ximoblanch/status/2041885958853828927?s=46&t=WmXEnVa3rTSw0P9A0n6S3Q,ximoblanch
PC21,Itachi's Clefable Froslass Team,Itachi,Clefable-Mega,Froslass-Mega,Lucario-Mega,Greninja,Aerodactyl,Garchomp,Clefablite,Froslassite,Lucarionite,Focus Sash,Lum Berry,White Herb,OHT9W5N2GY,8 Apr 2026,-,,https://pokepast.es/1ae6fe2e30924e62,https://x.com/itachivgc/status/2042098612000153900?s=46,itachivgc
PC20,Rod's Charizard-X Kingambit Team,Rod,Charizard-Mega-X,Rotom-Wash,Sneasler,Sinistcha,Kingambit,Ninetales-Alola,Charizardite X,Sitrus Berry,White Herb,Kasib Berry,Chople Berry,Focus Sash,K4JMDSJ4TG,8 Apr 2026,-,,https://pokepast.es/f18c096e9fe43183,https://x.com/trnrrodvgc/status/2041874130790985814?s=46&t=WmXEnVa3rTSw0P9A0n6S3Q,trnrrodvgc
PC19,LenVGC's Charizard-Y Milotic Team,Alex Soto,Charizard-Mega-Y,Incineroar,Milotic,Venusaur,Gardevoir,Garchomp,Charizardite Y,Sitrus Berry,Leftovers,Focus Sash,Choice Scarf,Lum Berry,None,8 Apr 2026,-,,https://pokepast.es/1cd7e7e56eaf9989,https://x.com/lenvgc/status/2041852049759912288?s=46&t=WmXEnVa3rTSw0P9A0n6S3Q,lenvgc
PC18,murasaki's Starmie Gengar Team,murasaki,Gengar-Mega,Starmie-Mega,Incineroar,Whimsicott,Sinistcha,Gardevoir,Gengarite,Starminite,Sitrus Berry,Focus Sash,Leftovers,Choice Scarf,Q5EHBSL7AJ,8 Apr 2026,-,,https://pokepast.es/a1bfead109c102c5,https://x.com/murasaki5682/status/2041852695540330842?s=46,murasaki5682
PC17,KURO's Blastoise Pelipper Team,Masayoshi Kuroo,Blastoise-Mega,Pelipper,Sneasler,Sinistcha,Kingambit,Garchomp,Blastoisinite,Choice Scarf,Focus Sash,Kasib Berry,Black Glasses,Lum Berry,3CX2QF4GJJ,8 Apr 2026,-,,https://pokepast.es/e466c9ea74393352,https://x.com/f_kc56/status/2041855353965703376?s=46,f_kc56
PC16,Castorbrown's Chesnaught Feraligatr Team,Castorbrown,Chesnaught-Mega,Feraligatr-Mega,Incineroar,Pelipper,Sinistcha,Archaludon,Chesnaughtite,Feraligite,Chople Berry,Focus Sash,Sitrus Berry,Shuca Berry,QDMHCY7522,8 Apr 2026,-,,https://pokepast.es/cd4e8268fbb78930,https://x.com/CastorbrownVGC/status/2041849293632643490?s=20,CastorbrownVGC
PC15,AxoIotIMan's Greninja Rain Team,AxoIotIMan,Greninja-Mega,Meganium-Mega,Basculegion,Pelipper,Sneasler,Archaludon,Greninjite,Meganiumite,Mystic Water,Focus Sash,White Herb,Leftovers,9UAJLU4DPC,8 Apr 2026,-,,https://pokepast.es/33efc3571458f507,https://x.com/AxoIotIMan/status/2041847407923564705,AxoIotIMan
PC14,Viera's Hawlucha Excadrill Team,Shoma Honami,Hawlucha-Mega,Excadrill,Tyranitar,Weavile,Whimsicott,Kingambit,Hawluchanite,Focus Sash,Passho Berry,White Herb,Bright Powder,Black Glasses,LJQWUJQ48R,8 Apr 2026,-,,https://pokepast.es/f6e9dedbc3824ec2,https://x.com/SHADEviera/status/2041839532405092431?s=20,SHADEviera
PC13,Xeb_41's Palafin Klefki Team,Ioannis Baziotis,Dragonite-Mega,Incineroar,Palafin,Pelipper,Sinistcha,Klefki,Dragoninite,Sitrus Berry,Mystic Water,Focus Sash,Leftovers,Shuca Berry,D96E6SXLN8,8 Apr 2026,-,,https://pokepast.es/9e3311c12da3dd8c,https://x.com/xeb_41/status/2041807836699635796?s=46,xeb_41
PC12,kurbito's Charizard-Y Gengar Team,kurbito,Charizard-Mega-Y,Gengar-Mega,Incineroar,Maushold,Whimsicott,Kommo-o,Charizardite Y,Gengarite,Sitrus Berry,Focus Sash,Occa Berry,Leftovers,JS1MBVV6N0,8 Apr 2026,-,,https://pokepast.es/39c5a1a8db1bfc62,https://x.com/kurbitoo/status/2041811031874228421?s=46,kurbitoo
PC11,PokeAlex's Gengar Vivillon Team,Alex Gómez,Gengar-Mega,Incineroar,Basculegion,Politoed,Vivillon,Kingambit,Gengarite,Sitrus Berry,Mystic Water,Leftovers,Focus Sash,Black Glasses,QMD2FVQ3Q8,8 Apr 2026,-,,https://pokepast.es/3bf7b5f39d888164,https://x.com/PokeAlex_/status/2041822200622129371,PokeAlex_
PC10,Huyubare's Charizard-Y Garchomp Team,Ko Tsukide,Charizard-Mega-Y,Incineroar,Sneasler,Maushold,Whimsicott,Garchomp,Charizardite Y,Sitrus Berry,White Herb,Chople Berry,Focus Sash,Yache Berry,GRJP9BKHTD,8 Apr 2026,-,,https://pokepast.es/d9260baad4fd55f8,https://x.com/huyubare_poke/status/2041817415768817869?s=46,huyubare_poke
PC9,Maxime Solemn's Floette Rain Team,Maxime Solemn,Floette-Mega,Incineroar,Basculegion,Pelipper,Sinistcha,Archaludon,Floettite,Sitrus Berry,Choice Scarf,Focus Sash,Mental Herb,Leftovers,1TVJQCS956,8 Apr 2026,-,,https://pokepast.es/25f83118d80c9b7b,https://x.com/MaximeSolemn/status/2042364328137871562,MaximeSolemn
PC8,white_shade25's Froslass Talonflame Team,white_shade25,Froslass-Mega,Talonflame,Milotic,Kingambit,Gardevoir,Garchomp,Froslassite,Sharp Beak,Leftovers,Black Glasses,Focus Sash,Soft Sand,PUVCUTC614,7 Apr 2026,-,,https://pokepast.es/a08bebd702e950d7,https://x.com/white_shade25/status/2041763848517251567?s=46&t=WmXEnVa3rTSw0P9A0n6S3Q,white_shade25
PC7,ChyrWill's Charizard-Y Rotom-Wash Team,Chyr Wei,Charizard-Mega-Y,Incineroar,Rotom-Wash,Venusaur,Whimsicott,Garchomp,Charizardite Y,Shuca Berry,Leftovers,Occa Berry,Focus Sash,Soft Sand,QTTH2EVDH3,7 Apr 2026,-,,https://pokepast.es/ed2b91715dee6ee6,https://x.com/chyrwill/status/2041770730887770321?s=46,chyrwill
PC6,Ze Banded's Floette Aerodactyl Team,Ze Banded,Aerodactyl-Mega,Floette-Mega,Incineroar,Sneasler,Sinistcha,Dragapult,Aerodactylite,Floettite,Chople Berry,Focus Sash,Sitrus Berry,Kasib Berry,RTV01GQCSS,7 Apr 2026,-,,https://pokepast.es/089009ee697143a1,https://x.com/ZeBanded/status/2041765298999886250?s=20,ZeBanded
PC5,Apex__Dragon's Charizard-Y Gengar Team,Apex__Dragon,Charizard-Mega-Y,Gengar-Mega,Incineroar,Maushold,Whimsicott,Garchomp,Charizardite Y,Gengarite,Sitrus Berry,Mental Herb,Focus Sash,White Herb,LNU48DA4AT,7 Apr 2026,-,,https://pokepast.es/75305098e352b472,https://x.com/Apex__Dragon/status/2041726825970508287,Apex__Dragon
PC4,Sarapoke0914's Charizard-Y Whimsicott Team,Sarapoke0914,Charizard-Mega-Y,Incineroar,Mamoswine,Whimsicott,Archaludon,Dragapult,Charizardite Y,Sitrus Berry,Soft Sand,Focus Sash,Leftovers,Dragon Fang,FMWQQ1N1YN,7 Apr 2026,-,,https://pokepast.es/2062f89cf4913aa4,https://x.com/sarapoke0914/status/2041736356100239501?s=46&t=WmXEnVa3rTSw0P9A0n6S3Q,sarapoke0914
PC3,Wiltank's Froslass Palafin Team,Will Inabinet,Froslass-Mega,Incineroar,Palafin,Sinistcha,Kingambit,Sylveon,Froslassite,Sitrus Berry,Mystic Water,Leftovers,Black Glasses,Fairy Feather,9QTFUT56VM,7 Apr 2026,-,,https://pokepast.es/e93d812ac5b4ccd9,https://x.com/wiltank/status/2041731107297632543?s=46&t=WmXEnVa3rTSw0P9A0n6S3Q,wiltank
PC2,Sarapoke0914's Gengar Rain Team,Sarapoke0914,Gengar-Mega,Incineroar,Basculegion,Politoed,Sinistcha,Archaludon,Gengarite,Sitrus Berry,Mystic Water,Wacan Berry,Mental Herb,Leftovers,S9H3AEGYV9,7 Apr 2026,-,,https://pokepast.es/7eb4acd88aad8376,https://x.com/Sarapoke0914/status/2041712294951084193?s=20,Sarapoke0914
PC1,NatusPKMN's Meganium Rain Team,Nate Innocenti,Meganium-Mega,Talonflame,Basculegion,Politoed,Maushold,Archaludon,Meganiumite,Lum Berry,Choice Scarf,Sitrus Berry,Focus Sash,White Herb,K5N29KPU9T,7 Apr 2026,-,,https://pokepast.es/0039fa7d566e65c8,https://x.com/natuspkmn/status/2041714483962232941?s=46&t=WmXEnVa3rTSw0P9A0n6S3Q,natuspkmn
